State,City
Virginia,Alexandria
Virginia,Bristol
Virginia,Buena Vista
Virginia,Charlottesville
Virginia,Chesapeake
Virginia,Colonial Heights
Virginia,Covington
Virginia,Danville
Virginia,Emporia
Virginia,Fairfax
Virginia,Falls Church
Virginia,Franklin
Virginia,Fredericksburg
Virginia,Galax
Virginia,Hampton
Virginia,Harrisonburg
Virginia,Hopewell
Virginia,Lexington
Virginia,Lynchburg
Virginia,Manassas
Virginia,Manassas Park
Virginia,Martinsville
Virginia,Newport News
Virginia,Norfolk
Virginia,Norton
Virginia,Petersburg
Virginia,Poquoson
Virginia,Portsmouth
Virginia,Radford
Virginia,Richmond
Virginia,Roanoke
Virginia,Salem
Virginia,Staunton
Virginia,Suffolk
Virginia,Virginia Beach
Virginia,Waynesboro
Virginia,Williamsburg
Virginia,Winchester
Texas,Abbott
Texas,Abernathy
Texas,Abilene
Texas,Ackerly
Texas,Addison
Texas,Adrian
Texas,Agua Dulce
Texas,Alamo
Texas,Alamo Heights
Texas,Albany
Texas,Aledo
Texas,Alice
Texas,Allen
Texas,Alpine
Texas,Alton
Texas,Alvarado
Texas,Alvin
Texas,Amarillo
Texas,Ames
Texas,Amherst
Texas,Anahuac
Texas,Anderson
Texas,Andrews
Texas,Angleton
Texas,Angus
Texas,Anna
Texas,Anson
Texas,Anton
Texas,Appleby
Texas,Aquilla
Texas,Aransas Pass
Texas,Archer City
Texas,Arcola
Texas,Argyle
Texas,Arlington
Texas,Arp
Texas,Asherton
Texas,Athens
Texas,Atlanta
Texas,Aubrey
Texas,Aurora
Texas,Austin
Texas,Austwell
Texas,Avery
Texas,Azle
Texas,Bailey
Texas,Baird
Texas,Balch Springs
Texas,Balcones Heights
Texas,Ballinger
Texas,Balmorhea
Texas,Bandera
Texas,Bangs
Texas,Bardwell
Texas,Barry
Texas,Barstow
Texas,Bartlett
Texas,Bastrop
Texas,Bay City
Texas,Bayou Vista
Texas,Baytown
Texas,Beach City
Texas,Beasley
Texas,Beaumont
Texas,Beckville
Texas,Bedford
Texas,Bedias
Texas,Bee Cave
Texas,Beeville
Texas,Bellaire
Texas,Bellevue
Texas,Bellmead
Texas,Bellville
Texas,Belton
Texas,Benavides
Texas,Benbrook
Texas,Benjamin
Texas,Bertram
Texas,Beverly Hills
Texas,Bevil Oaks
Texas,Big Lake
Texas,Big Spring
Texas,Big Wells
Texas,Bishop
Texas,Blackwell
Texas,Blanco
Texas,Blessing
Texas,Blossom
Texas,Blue Mound
Texas,Blue Ridge
Texas,Boerne
Texas,Bogata
Texas,Bonham
Texas,Borger
Texas,Bovina
Texas,Bowie
Texas,Brackettville
Texas,Brady
Texas,Brazoria
Texas,Brazos Bend
Texas,Brazos Country
Texas,Breckenridge
Texas,Bremond
Texas,Brenham
Texas,Briaroaks
Texas,Bridge City
Texas,Bridgeport
Texas,Brookshire
Texas,Brookside Village
Texas,Browndell
Texas,Brownfield
Texas,Brownsboro
Texas,Brownsville
Texas,Brownwood
Texas,Bruceville-Eddy
Texas,Bryan
Texas,Bryson
Texas,Buda
Texas,Buffalo
Texas,Buffalo Gap
Texas,Bulverde
Texas,Bunker Hill Village
Texas,Burkburnett
Texas,Burke
Texas,Burleson
Texas,Burnet
Texas,Byers
Texas,Cactus
Texas,Caddo Mills
Texas,Caldwell
Texas,Callisburg
Texas,Calvert
Texas,Cameron
Texas,Camp Wood
Texas,Campbell
Texas,Canadian
Texas,Canton
Texas,Canyon
Texas,Carmine
Texas,Carrizo Springs
Texas,Carrollton
Texas,Carthage
Texas,Cashion Community
Texas,Castle Hills
Texas,Castroville
Texas,Cedar Hill
Texas,Cedar Park
Texas,Celeste
Texas,Celina
Texas,Center
Texas,Centerville
Texas,Chandler
Texas,Channing
Texas,Charlotte
Texas,Chico
Texas,Childress
Texas,Chillicothe
Texas,China
Texas,Chireno
Texas,Cibolo
Texas,Cisco
Texas,Clarendon
Texas,Clarksville City
Texas,Clarksville
Texas,Claude
Texas,Clear Lake Shores
Texas,Cleburne
Texas,Cleveland
Texas,Clifton
Texas,Clute
Texas,Clyde
Texas,Cockrell Hill
Texas,Coldspring
Texas,Coleman
Texas,College Station
Texas,Colleyville
Texas,Colmesneil
Texas,Colorado City
Texas,Columbus
Texas,Comanche
Texas,Combine
Texas,Commerce
Texas,Conroe
Texas,Converse
Texas,Cool
Texas,Cooper
Texas,Coppell
Texas,Copperas Cove
Texas,Corinth
Texas,Corpus Christi
Texas,Corsicana
Texas,Cottonwood
Texas,Cottonwood Shores
Texas,Cotulla
Texas,Coupland
Texas,Cove
Texas,Covington
Texas,Coyote Flats
Texas,Crandall
Texas,Crane
Texas,Cranfills Gap
Texas,Creedmoor
Texas,Cresson
Texas,Crockett
Texas,Crosbyton
Texas,Crowell
Texas,Crowley
Texas,Crystal City
Texas,Cuero
Texas,Cumby
Texas,Cushing
Texas,Cut and Shoot
Texas,Daingerfield
Texas,Daisetta
Texas,Dalhart
Texas,Dallas
Texas,Dalworthington Gardens
Texas,Danbury
Texas,Dayton
Texas,Dayton Lakes
Texas,De Leon
Texas,Dean
Texas,Decatur
Texas,DeCordova
Texas,Deer Park
Texas,DeKalb
Texas,Del Rio
Texas,Dell City
Texas,Denison
Texas,Denton
Texas,Deport
Texas,DeSoto
Texas,Devers
Texas,Devine
Texas,Diboll
Texas,Dickens
Texas,Dickinson
Texas,Dilley
Texas,Dimmitt
Texas,Donna
Texas,Dorchester
Texas,Dripping Springs
Texas,Driscoll
Texas,Dublin
Texas,Dumas
Texas,Duncanville
Texas,Eagle Lake
Texas,Eagle Pass
Texas,Early
Texas,Earth
Texas,East Bernard
Texas,East Mountain
Texas,East Tawakoni
Texas,Eastland
Texas,Easton
Texas,Ector
Texas,Edcouch
Texas,Eden
Texas,Edinburg
Texas,Edna
Texas,Edom
Texas,El Campo
Texas,El Cenizo
Texas,El Lago
Texas,El Paso
Texas,Eldorado
Texas,Electra
Texas,Elgin
Texas,Elmendorf
Texas,Elsa
Texas,Emory
Texas,Encinal
Texas,Ennis
Texas,Escobares
Texas,Euless
Texas,Eureka
Texas,Eustace
Texas,Everman
Texas,Fair Oaks Ranch
Texas,Fairfield
Texas,Falfurrias
Texas,Falls City
Texas,Farmers Branch
Texas,Farmersville
Texas,Farwell
Texas,Fate
Texas,Fayetteville
Texas,Ferris
Texas,Florence
Texas,Floresville
Texas,Floydada
Texas,Follett
Texas,Forest Hill
Texas,Forney
Texas,Forsan
Texas,Fort Stockton
Texas,Fort Worth
Texas,Franklin
Texas,Fredericksburg
Texas,Freeport
Texas,Freer
Texas,Friendswood
Texas,Friona
Texas,Frisco
Texas,Fritch
Texas,Frost
Texas,Fruitvale
Texas,Fulshear
Texas,Gainesville
Texas,Galena Park
Texas,Gallatin
Texas,Galveston
Texas,Ganado
Texas,Garden Ridge
Texas,Garland
Texas,Garrison
Texas,Gatesville
Texas,George West
Texas,Georgetown
Texas,Gholson
Texas,Giddings
Texas,Gilmer
Texas,Gladewater
Texas,Glen Rose
Texas,Glenn Heights
Texas,Godley
Texas,Goldsmith
Texas,Goldthwaite
Texas,Goliad
Texas,Golinda
Texas,Gonzales
Texas,Goodlow
Texas,Goodrich
Texas,Gordon
Texas,Goree
Texas,Gorman
Texas,Graford
Texas,Graham
Texas,Granbury
Texas,Grand Prairie
Texas,Grand Saline
Texas,Grandview
Texas,Granger
Texas,Granite Shoals
Texas,Granjeno
Texas,Grapeland
Texas,Grapevine
Texas,Greenville
Texas,Gregory
Texas,Grey Forest
Texas,Groesbeck
Texas,Groves
Texas,Groveton
Texas,Gruver
Texas,Gun Barrel City
Texas,Gunter
Texas,Hale Center
Texas,Hallettsville
Texas,Hallsburg
Texas,Hallsville
Texas,Haltom City
Texas,Hamilton
Texas,Hamlin
Texas,Hardin
Texas,Harker Heights
Texas,Harlingen
Texas,Hart
Texas,Haskell
Texas,Haslet
Texas,Hawk Cove
Texas,Hawkins
Texas,Hawley
Texas,Hays
Texas,Hearne
Texas,Heath
Texas,Hedley
Texas,Hedwig Village
Texas,Helotes
Texas,Hemphill
Texas,Hempstead
Texas,Henderson
Texas,Henrietta
Texas,Hereford
Texas,Hewitt
Texas,Hico
Texas,Hidalgo
Texas,Hideaway
Texas,Higgins
Texas,Highland Haven
Texas,Highland Village
Texas,Hill Country Village
Texas,Hillsboro
Texas,Hilshire Village
Texas,Hitchcock
Texas,Holliday
Texas,Hondo
Texas,Honey Grove
Texas,Hooks
Texas,Horizon City
Texas,Horseshoe Bay
Texas,Houston
Texas,Howardwick
Texas,Hubbard
Texas,Hudson
Texas,Hudson Oaks
Texas,Hughes Springs
Texas,Humble
Texas,Hunters Creek Village
Texas,Huntington
Texas,Huntsville
Texas,Hurst
Texas,Hutchins
Texas,Hutto
Texas,Huxley
Texas,Idalou
Texas,Industry
Texas,Ingleside
Texas,Ingleside on the Bay
Texas,Ingram
Texas,Iola
Texas,Iowa Park
Texas,Iraan
Texas,Iredell
Texas,Irving
Texas,Itasca
Texas,Ivanhoe
Texas,Jacinto City
Texas,Jacksboro
Texas,Jacksonville
Texas,Jamaica Beach
Texas,Jarrell
Texas,Jasper
Texas,Jayton
Texas,Jefferson
Texas,Jersey Village
Texas,Jewett
Texas,Joaquin
Texas,Johnson City
Texas,Jolly
Texas,Jonestown
Texas,Josephine
Texas,Joshua
Texas,Jourdanton
Texas,Junction
Texas,Justin
Texas,Karnes City
Texas,Katy
Texas,Kaufman
Texas,Keene
Texas,Keller
Texas,Kemah
Texas,Kemp
Texas,Kempner
Texas,Kendleton
Texas,Kenedy
Texas,Kennard
Texas,Kennedale
Texas,Kerens
Texas,Kermit
Texas,Kerrville
Texas,Kilgore
Texas,Killeen
Texas,Kingsbury
Texas,Kingsville
Texas,Kirby
Texas,Kirbyville
Texas,Knollwood
Texas,Kountze
Texas,Kress
Texas,Krugerville
Texas,Krum
Texas,Kyle
Texas,La Feria
Texas,La Grange
Texas,La Grulla
Texas,La Joya
Texas,La Marque
Texas,La Porte
Texas,La Vernia
Texas,La Villa
Texas,La Ward
Texas,LaCoste
Texas,Lacy-Lakeview
Texas,Lago Vista
Texas,Lake Bridgeport
Texas,Lake Dallas
Texas,Lake Jackson
Texas,Lake Worth
Texas,Lakeport
Texas,Lakeway
Texas,Lakewood Village
Texas,Lamesa
Texas,Lampasas
Texas,Lancaster
Texas,Laredo
Texas,Latexo
Texas,Lavon
Texas,League City
Texas,Leakey
Texas,Leander
Texas,Leary
Texas,Leon Valley
Texas,Leona
Texas,Leonard
Texas,Leroy
Texas,Levelland
Texas,Lewisville
Texas,Liberty Hill
Texas,Liberty
Texas,Lindale
Texas,Linden
Texas,Lindsay
Texas,Lipan
Texas,Little Elm
Texas,Little River-Academy
Texas,Littlefield
Texas,Live Oak
Texas,Liverpool
Texas,Llano
Texas,Lockhart
Texas,Log Cabin
Texas,Lometa
Texas,Lone Oak
Texas,Lone Star
Texas,Longview
Texas,Lorena
Texas,Lorenzo
Texas,Los Fresnos
Texas,Los Ybanez
Texas,Lott
Texas,Lovelady
Texas,Lowry Crossing
Texas,Lubbock
Texas,Lucas
Texas,Lueders
Texas,Lufkin
Texas,Luling
Texas,Lumberton
Texas,Lyford
Texas,Lytle
Texas,Madisonville
Texas,Magnolia
Texas,Malakoff
Texas,Manor
Texas,Mansfield
Texas,Manvel
Texas,Marble Falls
Texas,Marfa
Texas,Marion
Texas,Marlin
Texas,Marquez
Texas,Marshall
Texas,Mart
Texas,Martindale
Texas,Mason
Texas,Mathis
Texas,Maud
Texas,Maypearl
Texas,McAllen
Texas,McCamey
Texas,McGregor
Texas,McKinney
Texas,McLendon-Chisholm
Texas,Meadowlakes
Texas,Meadows Place
Texas,Melissa
Texas,Memphis
Texas,Menard
Texas,Mercedes
Texas,Meridian
Texas,Mertzon
Texas,Mesquite
Texas,Mexia
Texas,Miami
Texas,Midland
Texas,Midlothian
Texas,Midway
Texas,Milano
Texas,Miles
Texas,Mineola
Texas,Mineral Wells
Texas,Mingus
Texas,Mission
Texas,Missouri City
Texas,Mobeetie
Texas,Mobile City
Texas,Monahans
Texas,Mont Belvieu
Texas,Montgomery
Texas,Moody
Texas,Moore Station
Texas,Moran
Texas,Morgan
Texas,Morgan's Point
Texas,Morgan's Point Resort
Texas,Morton
Texas,Mount Calm
Texas,Mount Enterprise
Texas,Mount Pleasant
Texas,Mountain City
Texas,Muenster
Texas,Muleshoe
Texas,Munday
Texas,Murchison
Texas,Murphy
Texas,Mustang Ridge
Texas,Nacogdoches
Texas,Naples
Texas,Nash
Texas,Nassau Bay
Texas,Natalia
Texas,Navasota
Texas,Nazareth
Texas,Nederland
Texas,Needville
Texas,Nevada
Texas,New Berlin
Texas,New Boston
Texas,New Braunfels
Texas,New Chapel Hill
Texas,New Fairview
Texas,New Home
Texas,New London
Texas,New Summerfield
Texas,New Waverly
Texas,Newark
Texas,Newcastle
Texas,Newton
Texas,Niederwald
Texas,Nixon
Texas,Nocona
Texas,Nolanville
Texas,Nome
Texas,Noonday
Texas,Nordheim
Texas,North Cleveland
Texas,North Richland Hills
Texas,Novice
Texas,O'Brien
Texas,O'Donnell
Texas,Oak Leaf
Texas,Oak Point
Texas,Oak Ridge North
Texas,Odem
Texas,Odessa
Texas,Oglesby
Texas,Old River-Winfree
Texas,Olmos Park
Texas,Olney
Texas,Olton
Texas,Omaha
Texas,Onalaska
Texas,Orange Grove
Texas,Orange
Texas,Orchard
Texas,Ore City
Texas,Overton
Texas,Ovilla
Texas,Oyster Creek
Texas,Palacios
Texas,Palestine
Texas,Palm Valley
Texas,Palmhurst
Texas,Palmview
Texas,Pampa
Texas,Panorama Village
Texas,Paradise
Texas,Paris
Texas,Parker
Texas,Pasadena
Texas,Pattison
Texas,Patton Village
Texas,Pearland
Texas,Pearsall
Texas,Pecan Gap
Texas,Pecan Hill
Texas,Pecos
Texas,Pelican Bay
Texas,Penitas
Texas,Perryton
Texas,Petersburg
Texas,Petrolia
Texas,Petronila
Texas,Pflugerville
Texas,Pharr
Texas,Pilot Point
Texas,Pine Forest
Texas,Pinehurst
Texas,Pineland
Texas,Piney Point Village
Texas,Pittsburg
Texas,Plainview
Texas,Plano
Texas,Pleasanton
Texas,Plum Grove
Texas,Point
Texas,Point Blank
Texas,Point Comfort
Texas,Port Aransas
Texas,Port Arthur
Texas,Port Isabel
Texas,Port Lavaca
Texas,Port Neches
Texas,Portland
Texas,Post
Texas,Poteet
Texas,Poynor
Texas,Prairie View
Texas,Premont
Texas,Presidio
Texas,Princeton
Texas,Progreso
Texas,Progreso Lakes
Texas,Quanah
Texas,Queen City
Texas,Quinlan
Texas,Quitaque
Texas,Quitman
Texas,Ralls
Texas,Ranger
Texas,Rankin
Texas,Ravenna
Texas,Raymondville
Texas,Red Lick
Texas,Red Oak
Texas,Redwater
Texas,Reklaw
Texas,Reno
Texas,Rhome
Texas,Rice
Texas,Richardson
Texas,Richland Hills
Texas,Richmond
Texas,Richwood
Texas,Riesel
Texas,Rio Bravo
Texas,Rio Grande City
Texas,Rio Hondo
Texas,Rio Vista
Texas,River Oaks
Texas,Riverside
Texas,Roanoke
Texas,Robert Lee
Texas,Robinson
Texas,Robstown
Texas,Roby
Texas,Rockdale
Texas,Rockport
Texas,Rockwall
Texas,Rollingwood
Texas,Roma
Texas,Ropesville
Texas,Roscoe
Texas,Rose City
Texas,Rose Hill Acres
Texas,Rosebud
Texas,Rosenberg
Texas,Ross
Texas,Rotan
Texas,Round Rock
Texas,Rowlett
Texas,Roxton
Texas,Royse City
Texas,Runaway Bay
Texas,Rusk
Texas,Sabinal
Texas,Sachse
Texas,Sadler
Texas,Saginaw
Texas,Saint Jo
Texas,San Angelo
Texas,San Antonio
Texas,San Augustine
Texas,San Benito
Texas,San Diego
Texas,San Elizario
Texas,San Juan
Texas,San Marcos
Texas,San Patricio
Texas,San Perlita
Texas,San Saba
Texas,Sandy Oaks
Texas,Sandy Point
Texas,Sanger
Texas,Sansom Park
Texas,Santa Clara
Texas,Santa Fe
Texas,Savoy
Texas,Schertz
Texas,Schulenburg
Texas,Scotland
Texas,Scottsville
Texas,Seabrook
Texas,Seadrift
Texas,Seagoville
Texas,Seagraves
Texas,Sealy
Texas,Seguin
Texas,Selma
Texas,Seminole
Texas,Seven Oaks
Texas,Seven Points
Texas,Seymour
Texas,Shallowater
Texas,Shamrock
Texas,Shavano Park
Texas,Shenandoah
Texas,Shepherd
Texas,Sherman
Texas,Shiner
Texas,Shoreacres
Texas,Silsbee
Texas,Silverton
Texas,Simonton
Texas,Sinton
Texas,Slaton
Texas,Smiley
Texas,Smithville
Texas,Snook
Texas,Snyder
Texas,Socorro
Texas,Somerset
Texas,Somerville
Texas,Sonora
Texas,Sour Lake
Texas,South Houston
Texas,Southlake
Texas,Southmayd
Texas,Southside Place
Texas,Spearman
Texas,Splendora
Texas,Spofford
Texas,Spring Branch
Texas,Spring Valley Village
Texas,Springtown
Texas,Spur
Texas,Stafford
Texas,Stamford
Texas,Stanton
Texas,Staples
Texas,Star Harbor
Texas,Stephenville
Texas,Sterling City
Texas,Stinnett
Texas,Stockdale
Texas,Stratford
Texas,Strawn
Texas,Sudan
Texas,Sugar Land
Texas,Sullivan City
Texas,Sulphur Springs
Texas,Sun Valley
Texas,Sundown
Texas,Sunray
Texas,Sunrise Beach Village
Texas,Sunset Valley
Texas,Surfside Beach
Texas,Sweeny
Texas,Sweetwater
Texas,Taft
Texas,Tahoka
Texas,Talco
Texas,Tatum
Texas,Taylor
Texas,Taylor Lake Village
Texas,Taylor Landing
Texas,Teague
Texas,Temple
Texas,Terrell
Texas,Terrell Hills
Texas,Texarkana
Texas,Texas City
Texas,Texhoma
Texas,The Colony
Texas,Thorndale
Texas,Thrall
Texas,Three Rivers
Texas,Timpson
Texas,Toco
Texas,Todd Mission
Texas,Tolar
Texas,Tom Bean
Texas,Tomball
Texas,Tool
Texas,Trenton
Texas,Trinidad
Texas,Trinity
Texas,Troup
Texas,Troy
Texas,Tulia
Texas,Turkey
Texas,Tuscola
Texas,Tye
Texas,Tyler
Texas,Uhland
Texas,Uncertain
Texas,Union Grove
Texas,Union Valley
Texas,Universal City
Texas,University Park
Texas,Uvalde
Texas,Valley Mills
Texas,Valley View
Texas,Van
Texas,Van Alstyne
Texas,Vega
Texas,Venus
Texas,Vernon
Texas,Victoria
Texas,Vidor
Texas,Von Ormy
Texas,Waco
Texas,Waelder
Texas,Wake Village
Texas,Waller
Texas,Wallis
Texas,Walnut Springs
Texas,Warren City
Texas,Waskom
Texas,Watauga
Texas,Waxahachie
Texas,Weatherford
Texas,Webster
Texas,Weimar
Texas,Weinert
Texas,Weir
Texas,Wellington
Texas,Wellman
Texas,Weslaco
Texas,West
Texas,West Columbia
Texas,West Lake Hills
Texas,West Orange
Texas,West Tawakoni
Texas,West University Place
Texas,Westbrook
Texas,Weston
Texas,Weston Lakes
Texas,Westworth Village
Texas,Wharton
Texas,Wheeler
Texas,White Oak
Texas,White Settlement
Texas,Whitehouse
Texas,Whitesboro
Texas,Whitewright
Texas,Wichita Falls
Texas,Willis
Texas,Willow Park
Texas,Wills Point
Texas,Wilmer
Texas,Wilson
Texas,Wimberley
Texas,Windcrest
Texas,Windthorst
Texas,Winfield
Texas,Wink
Texas,Winnsboro
Texas,Winters
Texas,Wixon Valley
Texas,Wolfe City
Texas,Wolfforth
Texas,Woodbranch
Texas,Woodcreek
Texas,Woodway
Texas,Wylie
Texas,Yoakum
Texas,Yorktown
Texas,Zavalla
Virginia,Abingdon
Virginia,Accomac
Virginia,Alberta
Virginia,Altavista
Virginia,Amherst
Virginia,Appalachia
Virginia,Appomattox
Virginia,Ashland
Virginia,Bedford
Virginia,Belle Haven
Virginia,Berryville
Virginia,Big Stone Gap
Virginia,Blacksburg
Virginia,Blackstone
Virginia,Bloxom
Virginia,Bluefield
Virginia,Boones Mill
Virginia,Bowling Green
Virginia,Boyce
Virginia,Boydton
Virginia,Boykins
Virginia,Branchville
Virginia,Bridgewater
Virginia,Broadway
Virginia,Brodnax
Virginia,Brookneal
Virginia,Buchanan
Virginia,Burkeville
Virginia,Cape Charles
Virginia,Capron
Virginia,Cedar Bluff
Virginia,Charlotte Court House
Virginia,Chase City
Virginia,Chatham
Virginia,Cheriton
Virginia,Chilhowie
Virginia,Chincoteague
Virginia,Christiansburg
Virginia,Claremont
Virginia,Clarksville
Virginia,Cleveland
Virginia,Clifton
Virginia,Clifton Forge
Virginia,Clinchco
Virginia,Clinchport
Virginia,Clintwood
Virginia,Coeburn
Virginia,Colonial Beach
Virginia,Courtland
Virginia,Craigsville
Virginia,Crewe
Virginia,Culpeper
Virginia,Damascus
Virginia,Dayton
Virginia,Dendron
Virginia,Dillwyn
Virginia,Drakes Branch
Virginia,Dublin
Virginia,Duffield
Virginia,Dumfries
Virginia,Dungannon
Virginia,Eastville
Virginia,Edinburg
Virginia,Elkton
Virginia,Exmore
Virginia,Farmville
Virginia,Fincastle
Virginia,Floyd
Virginia,Fries
Virginia,Front Royal
Virginia,Gate City
Virginia,Glade Spring
Virginia,Glasgow
Virginia,Glen Lyn
Virginia,Gordonsville
Virginia,Goshen
Virginia,Gretna
Virginia,Grottoes
Virginia,Grundy
Virginia,Halifax
Virginia,Hallwood
Virginia,Hamilton
Virginia,Haymarket
Virginia,Haysi
Virginia,Herndon
Virginia,Hillsboro
Virginia,Hillsville
Virginia,Honaker
Virginia,Hurt
Virginia,Independence
Virginia,Iron Gate
Virginia,Irvington
Virginia,Ivor
Virginia,Jarratt
Virginia,Jonesville
Virginia,Keller
Virginia,Kenbridge
Virginia,Keysville
Virginia,Kilmarnock
Virginia,La Crosse
Virginia,Lawrenceville
Virginia,Lebanon
Virginia,Leesburg
Virginia,Louisa
Virginia,Lovettsville
Virginia,Luray
Virginia,Madison
Virginia,Marion
Virginia,McKenney
Virginia,Melfa
Virginia,Middleburg
Virginia,Middletown
Virginia,Mineral
Virginia,Monterey
Virginia,Montross
Virginia,Mount Crawford
Virginia,Mount Jackson
Virginia,Narrows
Virginia,Nassawadox
Virginia,New Castle
Virginia,New Market
Virginia,Newsoms
Virginia,Nickelsville
Virginia,Occoquan
Virginia,Onancock
Virginia,Onley
Virginia,Orange
Virginia,Painter
Virginia,Pamplin City
Virginia,Parksley
Virginia,Pearisburg
Virginia,Pembroke
Virginia,Pennington Gap
Virginia,Phenix
Virginia,Pocahontas
Virginia,Port Royal
Virginia,Pound
Virginia,Pulaski
Virginia,Purcellville
Virginia,Quantico
Virginia,Remington
Virginia,Rich Creek
Virginia,Richlands
Virginia,Ridgeway
Virginia,Rocky Mount
Virginia,Round Hill
Virginia,Rural Retreat
Virginia,St. Charles
Virginia,St. Paul
Virginia,Saltville
Virginia,Saxis
Virginia,Scottsburg
Virginia,Scottsville
Virginia,Shenandoah
Virginia,Smithfield
Virginia,South Boston
Virginia,South Hill
Virginia,Stanardsville
Virginia,Stanley
Virginia,Stephens City
Virginia,Stony Creek
Virginia,Strasburg
Virginia,Stuart
Virginia,Surry
Virginia,Tangier
Virginia,Tappahannock
Virginia,Tazewell
Virginia,The Plains
Virginia,Timberville
Virginia,Toms Brook
Virginia,Troutdale
Virginia,Troutville
Virginia,Urbanna
Virginia,Victoria
Virginia,Vienna
Virginia,Vinton
Virginia,Virgilina
Virginia,Wachapreague
Virginia,Wakefield
Virginia,Warrenton
Virginia,Warsaw
Virginia,Washington
Virginia,Waverly
Virginia,Weber City
Virginia,West Point
Virginia,White Stone
Virginia,Windsor
Virginia,Wise
Virginia,Woodstock
Virginia,Wytheville
North Carolina,Aberdeen
North Carolina,Ahoskie
North Carolina,Alliance
North Carolina,Andrews
North Carolina,Angier
North Carolina,Ansonville
North Carolina,Apex
North Carolina,Arapahoe
North Carolina,Archer Lodge
North Carolina,Askewville
North Carolina,Atkinson
North Carolina,Atlantic Beach
North Carolina,Aulander
North Carolina,Aurora
North Carolina,Autryville
North Carolina,Ayden
North Carolina,Badin
North Carolina,Bailey
North Carolina,Bakersville
North Carolina,Banner Elk
North Carolina,Bath
North Carolina,Bayboro
North Carolina,Bear Grass
North Carolina,Beaufort
North Carolina,Beech Mountain
North Carolina,Belhaven
North Carolina,Belville
North Carolina,Belwood
North Carolina,Benson
North Carolina,Bermuda Run
North Carolina,Bethania
North Carolina,Bethel
North Carolina,Beulaville
North Carolina,Biltmore Forest
North Carolina,Biscoe
North Carolina,Black Creek
North Carolina,Black Mountain
North Carolina,Bladenboro
North Carolina,Boardman
North Carolina,Bogue
North Carolina,Bolivia
North Carolina,Bolton
North Carolina,Boone
North Carolina,Boonville
North Carolina,Bostic
North Carolina,Bridgeton
North Carolina,Broadway
North Carolina,Brunswick
North Carolina,Bryson City
North Carolina,"Buck Swamp, Wayne County"
North Carolina,Bunn
North Carolina,Burgaw
North Carolina,Burnsville
North Carolina,Butner
North Carolina,Calabash
North Carolina,Calypso
North Carolina,Cameron
North Carolina,Candor
North Carolina,Canton
North Carolina,Cape Carteret
North Carolina,Carolina Beach
North Carolina,Carolina Shores
North Carolina,Carrboro
North Carolina,Carthage
North Carolina,Cary
North Carolina,Casar
North Carolina,Castalia
North Carolina,Caswell Beach
North Carolina,Cedar Point
North Carolina,Cerro Gordo
North Carolina,Chadbourn
North Carolina,Chapel Hill
North Carolina,Chocowinity
North Carolina,Clarkton
North Carolina,Clayton
North Carolina,Cleveland
North Carolina,Clyde
North Carolina,Coats
North Carolina,Colerain
North Carolina,Columbia
North Carolina,Columbus
North Carolina,Como
North Carolina,Conetoe
North Carolina,Conway
North Carolina,Cooleemee
North Carolina,Cornelius
North Carolina,Cove City
North Carolina,Cramerton
North Carolina,Creswell
North Carolina,Crossnore
North Carolina,Dallas
North Carolina,Davidson
North Carolina,Dellview
North Carolina,Denton
North Carolina,Dillsboro
North Carolina,Dobbins Heights
North Carolina,Dobson
North Carolina,Dortches
North Carolina,Dover
North Carolina,Dublin
North Carolina,Duck
North Carolina,Earl
North Carolina,East Arcadia
North Carolina,East Bend
North Carolina,East Laurinburg
North Carolina,East Spencer
North Carolina,Eastover
North Carolina,Elizabethtown
North Carolina,Elk Park
North Carolina,Elkin
North Carolina,Ellenboro
North Carolina,Ellerbe
North Carolina,Elm City
North Carolina,Elon
North Carolina,Emerald Isle
North Carolina,Enfield
North Carolina,Erwin
North Carolina,Eureka
North Carolina,Everetts
North Carolina,Fair Bluff
North Carolina,Fairmont
North Carolina,"Fairview, Union County"
North Carolina,Faison
North Carolina,Faith
North Carolina,Falcon
North Carolina,Falkland
North Carolina,Fallston
North Carolina,Farmville
North Carolina,Fletcher
North Carolina,Fontana Dam
North Carolina,Forest City
North Carolina,Fountain
North Carolina,Four Oaks
North Carolina,Franklin
North Carolina,Franklinton
North Carolina,Franklinville
North Carolina,Fremont
North Carolina,Fuquay-Varina
North Carolina,Garland
North Carolina,Garner
North Carolina,Garysburg
North Carolina,Gaston
North Carolina,Gibson
North Carolina,Gibsonville
North Carolina,Godwin
North Carolina,Goldston
North Carolina,Granite Quarry
North Carolina,Grantsboro
North Carolina,Green Level
North Carolina,Greenevers
North Carolina,Grifton
North Carolina,Grimesland
North Carolina,Grover
North Carolina,Halifax
North Carolina,Hamilton
North Carolina,Harmony
North Carolina,Harrells
North Carolina,Harrellsville
North Carolina,Harrisburg
North Carolina,Haw River
North Carolina,Hayesville
North Carolina,Hemby Bridge
North Carolina,Hertford
North Carolina,Highlands
North Carolina,Hillsborough
North Carolina,Hobgood
North Carolina,Hoffman
North Carolina,Holden Beach
North Carolina,Holly Ridge
North Carolina,Holly Springs
North Carolina,Hookerton
North Carolina,Hope Mills
North Carolina,Hot Springs
North Carolina,Huntersville
North Carolina,Indian Beach
North Carolina,Indian Trail
North Carolina,Jackson
North Carolina,Jamestown
North Carolina,Jamesville
North Carolina,Jefferson
North Carolina,Jonesville
North Carolina,"Judson, Swain County"
North Carolina,Kelford
North Carolina,Kenansville
North Carolina,Kenly
North Carolina,Kernersville
North Carolina,Kill Devil Hills
North Carolina,Kingstown
North Carolina,Kittrell
North Carolina,Kitty Hawk
North Carolina,Knightdale
North Carolina,Kure Beach
North Carolina,La Grange
North Carolina,Lake Lure
North Carolina,Lake Santeetlah
North Carolina,Lake Waccamaw
North Carolina,Landis
North Carolina,Lansing
North Carolina,Lasker
North Carolina,Lattimore
North Carolina,Laurel Park
North Carolina,Lawndale
North Carolina,Leggett
North Carolina,Leland
North Carolina,Lewiston Woodville
North Carolina,Lewisville
North Carolina,Liberty
North Carolina,Lilesville
North Carolina,Lillington
North Carolina,Linden
North Carolina,Littleton
North Carolina,Louisburg
North Carolina,Love Valley
North Carolina,Lucama
North Carolina,Lumber Bridge
North Carolina,Macclesfield
North Carolina,Macon
North Carolina,Madison
North Carolina,Maggie Valley
North Carolina,Magnolia
North Carolina,Manteo
North Carolina,Marietta
North Carolina,Mars Hill
North Carolina,Marshall
North Carolina,Marshville
North Carolina,Matthews
North Carolina,Maxton
North Carolina,Mayodan
North Carolina,Maysville
North Carolina,McAdenville
North Carolina,McDonald
North Carolina,McFarlan
North Carolina,Mesic
North Carolina,Micro
North Carolina,Middleburg
North Carolina,Middlesex
North Carolina,Midland
North Carolina,Midway
North Carolina,Mills River
North Carolina,Mineral Springs
North Carolina,Minnesott Beach
North Carolina,Mint Hill
North Carolina,Mocksville
North Carolina,Momeyer
North Carolina,Mooresboro
North Carolina,Mooresville
North Carolina,Morrisville
North Carolina,Morven
North Carolina,Mount Gilead
North Carolina,Mount Olive
North Carolina,Mount Pleasant
North Carolina,Murfreesboro
North Carolina,Murphy
North Carolina,Nags Head
North Carolina,Navassa
North Carolina,New London
North Carolina,Newland
North Carolina,Newport
North Carolina,Newton Grove
North Carolina,Norlina
North Carolina,Norman
North Carolina,North Topsail Beach
North Carolina,North Wilkesboro
North Carolina,Norwood
North Carolina,Oak City
North Carolina,Oak Island
North Carolina,Oak Ridge
North Carolina,Oakboro
North Carolina,Ocean Isle Beach
North Carolina,Old Fort
North Carolina,Oriental
North Carolina,Orrum
North Carolina,Ossipee
North Carolina,Pantego
North Carolina,Parkton
North Carolina,Patterson Springs
North Carolina,Peachland
North Carolina,Peletier
North Carolina,Pembroke
North Carolina,Pikeville
North Carolina,Pilot Mountain
North Carolina,Pine Knoll Shores
North Carolina,"Pine Level, Johnston County"
North Carolina,Pinebluff
North Carolina,Pinetops
North Carolina,Pineville
North Carolina,Pink Hill
North Carolina,Pittsboro
North Carolina,Pleasant Garden
North Carolina,Plymouth
North Carolina,Polkton
North Carolina,Pollocksville
North Carolina,Powellsville
North Carolina,Princeton
North Carolina,Princeville
North Carolina,Ramseur
North Carolina,Ranlo
North Carolina,Raynham
North Carolina,Red Cross
North Carolina,Red Oak
North Carolina,Red Springs
North Carolina,Rennert
North Carolina,Rich Square
North Carolina,Richfield
North Carolina,Richlands
North Carolina,River Bend
North Carolina,Robersonville
North Carolina,Rockwell
North Carolina,Rolesville
North Carolina,Ronda
North Carolina,Roper
North Carolina,Rose Hill
North Carolina,Roseboro
North Carolina,Rosman
North Carolina,Rowland
North Carolina,Roxobel
North Carolina,Rural Hall
North Carolina,Ruth
North Carolina,Rutherfordton
North Carolina,St. James
North Carolina,St. Pauls
North Carolina,Salemburg
North Carolina,Sandy Creek
North Carolina,Sandyfield
North Carolina,Saratoga
North Carolina,Scotland Neck
North Carolina,Seaboard
North Carolina,Seagrove
North Carolina,Sedalia
North Carolina,Selma
North Carolina,Seven Devils
North Carolina,Seven Springs
North Carolina,Severn
North Carolina,Shallotte
North Carolina,Sharpsburg
North Carolina,Silver Hill
North Carolina,Sims
North Carolina,Smithfield
North Carolina,Snow Hill
North Carolina,Southern Pines
North Carolina,Southern Shores
North Carolina,Sparta
North Carolina,Speed
North Carolina,Spencer Mountain
North Carolina,Spencer
North Carolina,Spindale
North Carolina,Spring Hope
North Carolina,Spring Lake
North Carolina,Spruce Pine
North Carolina,Staley
North Carolina,Stallings
North Carolina,Stanfield
North Carolina,Stanley
North Carolina,Stantonsburg
North Carolina,Star
North Carolina,Stedman
North Carolina,Stem
North Carolina,Stokesdale
North Carolina,Stoneville
North Carolina,Stonewall
North Carolina,Stovall
North Carolina,Summerfield
North Carolina,Sunset Beach
North Carolina,Surf City
North Carolina,Swansboro
North Carolina,Swepsonville
North Carolina,Sylva
North Carolina,Tabor City
North Carolina,Tar Heel
North Carolina,Tarboro
North Carolina,Taylortown
North Carolina,Teachey
North Carolina,Topsail Beach
North Carolina,Traphill
North Carolina,Trent Woods
North Carolina,Trenton
North Carolina,Troutman
North Carolina,Troy
North Carolina,Tryon
North Carolina,Turkey
North Carolina,Unionville
North Carolina,Vanceboro
North Carolina,Vandemere
North Carolina,Varnamtown
North Carolina,Vass
North Carolina,Verona
North Carolina,Waco
North Carolina,Wade
North Carolina,Wagram
North Carolina,Walkertown
North Carolina,Wallace
North Carolina,Wallburg
North Carolina,Walnut Cove
North Carolina,Walstonburg
North Carolina,Warrenton
North Carolina,Warsaw
North Carolina,Washington Park
North Carolina,Watha
North Carolina,Waynesville
North Carolina,Weaverville
North Carolina,Webster
North Carolina,Weddington
North Carolina,Weldon
North Carolina,Wendell
North Carolina,Wentworth
North Carolina,West Jefferson
North Carolina,Whitakers
North Carolina,White Lake
North Carolina,Whitsett
North Carolina,Wilkesboro
North Carolina,Williamsboro
North Carolina,Williamsburgh
North Carolina,Williamston
North Carolina,Wilson's Mills
North Carolina,Windsor
North Carolina,Winfall
North Carolina,Wingate
North Carolina,Winterville
North Carolina,Winton
North Carolina,Woodfin
North Carolina,Woodland
North Carolina,Wrightsville Beach
North Carolina,Yadkinville
North Carolina,Yanceyville
North Carolina,Yorktown
North Carolina,Youngsville
North Carolina,Zebulon
North Carolina,Albemarle
North Carolina,Archdale
North Carolina,Asheboro
North Carolina,Asheville
North Carolina,Belmont
North Carolina,Bessemer City
North Carolina,Boiling Spring Lakes
North Carolina,Boiling Springs
North Carolina,Brevard
North Carolina,Burlington
North Carolina,Charlotte
North Carolina,Cherryville
North Carolina,Clinton
North Carolina,Concord
North Carolina,Conover
North Carolina,Creedmoor
North Carolina,Danbury
North Carolina,Dunn
North Carolina,Durham
North Carolina,Eden
North Carolina,Elizabeth City
North Carolina,Fayetteville
North Carolina,Gastonia
North Carolina,Goldsboro
North Carolina,Graham
North Carolina,Greensboro
North Carolina,Greenville
North Carolina,Hamlet
North Carolina,Havelock
North Carolina,Henderson
North Carolina,High Point
North Carolina,Jacksonville
North Carolina,Kannapolis
North Carolina,King
North Carolina,Kings Mountain
North Carolina,Kinston
North Carolina,Laurinburg
North Carolina,Lexington
North Carolina,Lincolnton
North Carolina,Locust
North Carolina,Lowell
North Carolina,Lumberton
North Carolina,Marion
North Carolina,Mebane
North Carolina,Monroe
North Carolina,Morehead City
North Carolina,Mount Airy
North Carolina,Mount Holly
North Carolina,New Bern
North Carolina,Northwest
North Carolina,Oxford
North Carolina,Polkville
North Carolina,Raeford
North Carolina,Raleigh
North Carolina,Randleman
North Carolina,Reidsville
North Carolina,Roanoke Rapids
North Carolina,Robbins
North Carolina,Rockingham
North Carolina,Rocky Mount
North Carolina,Roxboro
North Carolina,Salisbury
North Carolina,Saluda
North Carolina,Sanford
North Carolina,Shelby
North Carolina,Southport
North Carolina,Statesville
North Carolina,Thomasville
North Carolina,Trinity
North Carolina,Washington
North Carolina,Whiteville
North Carolina,Wilmington
North Carolina,Wilson
North Carolina,Winston-Salem
South Carolina,Abbeville
South Carolina,Aiken
South Carolina,Allendale
South Carolina,Anderson
South Carolina,Andrews
South Carolina,Arcadia Lakes
South Carolina,Atlantic Beach
South Carolina,Awendaw
South Carolina,Aynor
South Carolina,Bamberg
South Carolina,Barnwell
South Carolina,Batesburg-Leesville
South Carolina,Beaufort
South Carolina,Belton
South Carolina,Bennettsville
South Carolina,Bethune
South Carolina,Bishopville
South Carolina,Blacksburg
South Carolina,Blackville
South Carolina,Blenheim
South Carolina,Bluffton
South Carolina,Blythewood
South Carolina,Bonneau
South Carolina,Bowman
South Carolina,Branchville
South Carolina,Briarcliffe Acres
South Carolina,Brunson
South Carolina,Burnettown
South Carolina,Calhoun Falls
South Carolina,Camden
South Carolina,Cameron
South Carolina,Campobello
South Carolina,Carlisle
South Carolina,Cayce
South Carolina,Central
South Carolina,Central Pacolet
South Carolina,Chapin
South Carolina,Charleston
South Carolina,Cheraw
South Carolina,Chesnee
South Carolina,Chester
South Carolina,Chesterfield
South Carolina,Clemson
South Carolina,Clinton
South Carolina,Clio
South Carolina,Clover
South Carolina,Columbia
South Carolina,Conway
South Carolina,Cope
South Carolina,Cordova
South Carolina,Cottageville
South Carolina,Coward
South Carolina,Cowpens
South Carolina,Cross Hill
South Carolina,Darlington
South Carolina,Denmark
South Carolina,Dillon
South Carolina,Donalds
South Carolina,Due West
South Carolina,Duncan
South Carolina,Easley
South Carolina,Eastover
South Carolina,Edgefield
South Carolina,Edisto Beach
South Carolina,Ehrhardt
South Carolina,Elgin
South Carolina,Elko
South Carolina,Elloree
South Carolina,Estill
South Carolina,Eutawville
South Carolina,Fairfax
South Carolina,Florence
South Carolina,Folly Beach
South Carolina,Forest Acres
South Carolina,Fort Lawn
South Carolina,Fort Mill
South Carolina,Fountain Inn
South Carolina,Furman
South Carolina,Gaffney
South Carolina,Gaston
South Carolina,Georgetown
South Carolina,Gifford
South Carolina,Gilbert
South Carolina,Goose Creek
South Carolina,Govan
South Carolina,Gray Court
South Carolina,Great Falls
South Carolina,Greeleyville
South Carolina,Greenville
South Carolina,Greenwood
South Carolina,Greer
South Carolina,Hampton
South Carolina,Hanahan
South Carolina,Hardeeville
South Carolina,Harleyville
South Carolina,Hartsville
South Carolina,Heath Springs
South Carolina,Hemingway
South Carolina,Hickory Grove
South Carolina,Hilda
South Carolina,Hilton Head Island
South Carolina,Hodges
South Carolina,Holly Hill
South Carolina,Hollywood
South Carolina,Honea Path
South Carolina,Inman
South Carolina,Irmo
South Carolina,Isle of Palms
South Carolina,Iva
South Carolina,Jackson
South Carolina,James Island[a]
South Carolina,Jamestown
South Carolina,Jefferson
South Carolina,Jenkinsville[b]
South Carolina,Johnsonville
South Carolina,Johnston
South Carolina,Jonesville
South Carolina,Kershaw
South Carolina,Kiawah Island
South Carolina,Kingstree
South Carolina,Kline
South Carolina,Lake City
South Carolina,Lake View
South Carolina,Lamar
South Carolina,Lancaster
South Carolina,Landrum
South Carolina,Lane
South Carolina,Latta
South Carolina,Laurens
South Carolina,Lexington
South Carolina,Liberty
South Carolina,Lincolnville
South Carolina,Little Mountain
South Carolina,Livingston
South Carolina,Lockhart
South Carolina,Lodge
South Carolina,Loris
South Carolina,Lowndesville
South Carolina,Lowrys
South Carolina,Luray
South Carolina,Lyman
South Carolina,Lynchburg
South Carolina,McBee
South Carolina,McClellanville
South Carolina,McColl
South Carolina,McConnells
South Carolina,McCormick
South Carolina,Manning
South Carolina,Marion
South Carolina,Mauldin
South Carolina,Mayesville
South Carolina,Meggett
South Carolina,Moncks Corner
South Carolina,Monetta
South Carolina,Mount Croghan
South Carolina,Mount Pleasant
South Carolina,Mullins
South Carolina,Myrtle Beach
South Carolina,Neeses
South Carolina,Newberry
South Carolina,New Ellenton
South Carolina,Nichols
South Carolina,Ninety Six
South Carolina,Norris
South Carolina,North
South Carolina,North Augusta
South Carolina,North Charleston
South Carolina,North Myrtle Beach
South Carolina,Norway
South Carolina,Olanta
South Carolina,Olar
South Carolina,Orangeburg
South Carolina,Pacolet
South Carolina,Pageland
South Carolina,Pamplico
South Carolina,Parksville
South Carolina,Patrick
South Carolina,Pawleys Island
South Carolina,Paxville
South Carolina,Peak
South Carolina,Pelion
South Carolina,Pelzer
South Carolina,Pendleton
South Carolina,Perry
South Carolina,Pickens
South Carolina,Pine Ridge
South Carolina,Pinewood
South Carolina,Plum Branch
South Carolina,Pomaria
South Carolina,Port Royal
South Carolina,Prosperity
South Carolina,Quinby
South Carolina,Ravenel
South Carolina,Reevesville
South Carolina,Reidville
South Carolina,Richburg
South Carolina,Ridgeland
South Carolina,Ridge Spring
South Carolina,Ridgeville
South Carolina,Ridgeway
South Carolina,Rock Hill
South Carolina,Rockville
South Carolina,Rowesville
South Carolina,Ruby
South Carolina,St. George
South Carolina,St. Matthews
South Carolina,St. Stephen
South Carolina,Salem
South Carolina,Salley
South Carolina,Saluda
South Carolina,Santee
South Carolina,Scotia
South Carolina,Scranton
South Carolina,Seabrook Island
South Carolina,Sellers
South Carolina,Seneca
South Carolina,Sharon
South Carolina,Silverstreet
South Carolina,Simpsonville
South Carolina,Six Mile
South Carolina,Smoaks
South Carolina,Smyrna
South Carolina,Snelling
South Carolina,Society Hill
South Carolina,South Congaree
South Carolina,Spartanburg
South Carolina,Springdale
South Carolina,Springfield
South Carolina,Starr
South Carolina,Stuckey
South Carolina,Sullivan's Island
South Carolina,Summerton
South Carolina,Summerville
South Carolina,Summit
South Carolina,Sumter
South Carolina,Surfside Beach
South Carolina,Swansea
South Carolina,Sycamore
South Carolina,Tatum
South Carolina,Tega Cay
South Carolina,Timmonsville
South Carolina,Travelers Rest
South Carolina,Trenton
South Carolina,Troy
South Carolina,Turbeville
South Carolina,Ulmer
South Carolina,Union
South Carolina,Vance
South Carolina,Varnville
South Carolina,Wagener
South Carolina,Walhalla
South Carolina,Walterboro
South Carolina,Ward
South Carolina,Ware Shoals
South Carolina,Waterloo
South Carolina,Wellford
South Carolina,West Columbia
South Carolina,Westminster
South Carolina,West Pelzer
South Carolina,West Union
South Carolina,Whitmire
South Carolina,Williams
South Carolina,Williamston
South Carolina,Williston
South Carolina,Windsor
South Carolina,Winnsboro
South Carolina,Woodford
South Carolina,Woodruff
South Carolina,Yemassee
South Carolina,York
Florida,Alachua
Florida,Alford
Florida,Altamonte Springs
Florida,Altha
Florida,Anna Maria
Florida,Apalachicola
Florida,Apopka
Florida,Arcadia
Florida,Archer
Florida,Astatula
Florida,Atlantic Beach
Florida,Atlantis
Florida,Auburndale
Florida,Aventura
Florida,Avon Park
Florida,Bal Harbour
Florida,Baldwin
Florida,Bartow
Florida,Bascom
Florida,Bay Harbor Islands
Florida,Bay Lake
Florida,Bell
Florida,Belle Glade
Florida,Belle Isle
Florida,Belleair
Florida,Belleair Beach
Florida,Belleair Bluffs
Florida,Belleair Shore
Florida,Belleview
Florida,Beverly Beach
Florida,Biscayne Park
Florida,Blountstown
Florida,Boca Raton
Florida,Bonifay
Florida,Bonita Springs
Florida,Bowling Green
Florida,Boynton Beach
Florida,Bradenton
Florida,Bradenton Beach
Florida,Branford
Florida,Briny Breezes
Florida,Bristol
Florida,Bronson
Florida,Brooker
Florida,Brooksville
Florida,Bunnell
Florida,Bushnell
Florida,Callahan
Florida,Callaway
Florida,Campbellton
Florida,Cape Canaveral
Florida,Cape Coral
Florida,Carrabelle
Florida,Caryville
Florida,Casselberry
Florida,Cedar Key
Florida,Center Hill
Florida,Century
Florida,Chattahoochee
Florida,Chiefland
Florida,Chipley
Florida,Cinco Bayou
Florida,Clearwater
Florida,Clermont
Florida,Clewiston
Florida,Cloud Lake
Florida,Cocoa
Florida,Cocoa Beach
Florida,Coconut Creek
Florida,Coleman
Florida,Cooper City
Florida,Coral Gables
Florida,Coral Springs
Florida,Cottondale
Florida,Crescent City
Florida,Crestview
Florida,Cross City
Florida,Crystal River
Florida,Cutler Bay
Florida,Dade City
Florida,Dania Beach
Florida,Davenport
Florida,Davie
Florida,Daytona Beach
Florida,Daytona Beach Shores
Florida,DeBary
Florida,Deerfield Beach
Florida,DeFuniak Springs
Florida,Deland
Florida,Delray Beach
Florida,Deltona
Florida,Destin
Florida,Doral
Florida,Dundee
Florida,Dunedin
Florida,Dunnellon
Florida,Eagle Lake
Florida,Eatonville
Florida,Ebro
Florida,Edgewater
Florida,Edgewood
Florida,El Portal
Florida,Estero
Florida,Esto
Florida,Eustis
Florida,Everglades City
Florida,Fanning Springs
Florida,Fellsmere
Florida,Fernandina Beach
Florida,Flagler Beach
Florida,Florida City
Florida,Fort Lauderdale
Florida,Fort Meade
Florida,Fort Myers
Florida,Fort Myers Beach
Florida,Fort Pierce
Florida,Fort Walton Beach
Florida,Fort White
Florida,Freeport
Florida,Frostproof
Florida,Fruitland Park
Florida,Gainesville
Florida,Glen Ridge
Florida,Glen St. Mary
Florida,Golden Beach
Florida,Golf
Florida,Graceville
Florida,Grand Ridge
Florida,Grant-Valkaria
Florida,Green Cove Springs
Florida,Greenacres
Florida,Greensboro
Florida,Greenville
Florida,Greenwood
Florida,Gretna
Florida,Groveland
Florida,Gulf Breeze
Florida,Gulf Stream
Florida,Gulfport
Florida,Haines City
Florida,Hallandale Beach
Florida,Hampton
Florida,Hastings
Florida,Havana
Florida,Haverhill
Florida,Hawthorne
Florida,Hialeah
Florida,Hialeah Gardens
Florida,High Springs
Florida,Highland Beach
Florida,Highland Park
Florida,Hillcrest Heights
Florida,Hilliard
Florida,Hillsboro Beach
Florida,Holly Hill
Florida,Hollywood
Florida,Holmes Beach
Florida,Homestead
Florida,Horseshoe Beach
Florida,Howey-in-the-Hills
Florida,Hypoluxo
Florida,Indialantic
Florida,Indian Creek
Florida,Indian Harbour Beach
Florida,Indian River Shores
Florida,Indian Rocks Beach
Florida,Indian Shores
Florida,Inglis
Florida,Interlachen
Florida,Inverness
Florida,Islamorada
Florida,Jacksonville
Florida,Jacksonville Beach
Florida,Jacob City
Florida,Jasper
Florida,Jay
Florida,Jennings
Florida,Juno Beach
Florida,Jupiter
Florida,Jupiter Inlet Colony
Florida,Jupiter Island
Florida,Kenneth City
Florida,Key Biscayne
Florida,Key Colony Beach
Florida,Key West
Florida,Keystone Heights
Florida,Kissimmee
Florida,LaBelle
Florida,LaCrosse
Florida,Lady Lake
Florida,Lake Alfred
Florida,Lake Buena Vista
Florida,Lake Butler
Florida,Lake City
Florida,Lake Clarke Shores
Florida,Lake Hamilton
Florida,Lake Helen
Florida,Lake Mary
Florida,Lake Park
Florida,Lake Placid
Florida,Lake Wales
Florida,Lake Worth
Florida,Lakeland
Florida,Lantana
Florida,Largo
Florida,Lauderdale Lakes
Florida,Lauderdale-by-the-Sea
Florida,Lauderhill
Florida,Laurel Hill
Florida,Lawtey Nour Town
Florida,Layton
Florida,Lazy Lake
Florida,Lee
Florida,Leesburg
Florida,Lighthouse Point
Florida,Live Oak
Florida,Longboat Key
Florida,Longwood
Florida,Loxahatchee Groves
Florida,Lynn Haven
Florida,Macclenny
Florida,Madeira Beach
Florida,Madison
Florida,Maitland
Florida,Malabar
Florida,Malone
Florida,Manalapan
Florida,Mangonia Park
Florida,Marathon
Florida,Marco Island
Florida,Margate
Florida,Marianna
Florida,Marineland
Florida,Mary Esther
Florida,Mascotte
Florida,Mayo
Florida,McIntosh
Florida,Medley
Florida,Melbourne
Florida,Melbourne Beach
Florida,Melbourne Village
Florida,Mexico Beach
Florida,Miami
Florida,Miami Beach
Florida,Miami Gardens
Florida,Miami Lakes
Florida,Miami Shores
Florida,Miami Springs
Florida,Micanopy
Florida,Midway
Florida,Milton
Florida,Minneola
Florida,Miramar
Florida,Monticello
Florida,Montverde
Florida,Moore Haven
Florida,Mount Dora
Florida,Mulberry
Florida,Naples
Florida,Neptune Beach
Florida,New Port Richey
Florida,New Smyrna Beach
Florida,Newberry
Florida,Niceville
Florida,Noma
Florida,North Bay Village
Florida,North Lauderdale
Florida,North Miami
Florida,North Miami Beach
Florida,North Palm Beach
Florida,North Port
Florida,North Redington Beach
Florida,Oak Hill
Florida,Oakland
Florida,Oakland Park
Florida,Ocala
Florida,Ocean Breeze
Florida,Ocean Ridge
Florida,Ocoee
Florida,Okeechobee
Florida,Oldsmar
Florida,Opa-locka
Florida,Orange City
Florida,Orange Park
Florida,Orchid
Florida,Orlando
Florida,Ormond Beach
Florida,Otter Creek
Florida,Oviedo
Florida,Pahokee
Florida,Palatka
Florida,Palm Bay
Florida,Palm Beach
Florida,Palm Beach Gardens
Florida,Palm Beach Shores
Florida,Palm Coast
Florida,Palm Shores
Florida,Palm Springs
Florida,Palmetto
Florida,Palmetto Bay
Florida,Panama City
Florida,Panama City Beach
Florida,Parker
Florida,Parkland
Florida,Paxton
Florida,Pembroke Park
Florida,Pembroke Pines
Florida,Penney Farms
Florida,Pensacola
Florida,Perry
Florida,Pierson
Florida,Pinecrest
Florida,Pinellas Park
Florida,Plant City
Florida,Plantation
Florida,Polk City
Florida,Pomona Park
Florida,Pompano Beach
Florida,Ponce de Leon
Florida,Ponce Inlet
Florida,Port Orange
Florida,Port Richey
Florida,Port St. Joe
Florida,Port St. Lucie
Florida,Punta Gorda
Florida,Quincy
Florida,Raiford
Florida,Reddick
Florida,Redington Beach
Florida,Redington Shores
Florida,Riviera Beach
Florida,Rockledge
Florida,Royal Palm Beach
Florida,Safety Harbor
Florida,San Antonio
Florida,Sanford
Florida,Sanibel
Florida,Sarasota
Florida,Satellite Beach
Florida,Sea Ranch Lakes
Florida,Sebastian
Florida,Sebring
Florida,Seminole
Florida,Sewall's Point
Florida,Shalimar
Florida,Sneads
Florida,Sopchoppy
Florida,South Bay
Florida,South Daytona
Florida,South Miami
Florida,South Palm Beach
Florida,South Pasadena
Florida,Southwest Ranches
Florida,Springfield
Florida,St. Augustine
Florida,St. Augustine Beach
Florida,St. Cloud
Florida,St. Leo
Florida,St. Lucie Village
Florida,St. Marks
Florida,St. Pete Beach
Florida,St. Petersburg
Florida,Starke
Florida,Stuart
Florida,Sunny Isles Beach
Florida,Sunrise
Florida,Surfside
Florida,Sweetwater
Florida,Tallahassee # 
Florida,Tamarac
Florida,Tampa
Florida,Tarpon Springs
Florida,Tavares
Florida,Temple Terrace
Florida,Tequesta
Florida,Titusville
Florida,Treasure Island
Florida,Trenton
Florida,Umatilla
Florida,Valparaiso
Florida,Venice
Florida,Vernon
Florida,Vero Beach
Florida,Virginia Gardens
Florida,Waldo
Florida,Wauchula
Florida,Wausau
Florida,Webster
Florida,Weeki Wachee
Florida,Welaka
Florida,Wellington
Florida,Westlake
Florida,West Melbourne
Florida,West Miami
Florida,West Palm Beach
Florida,West Park
Florida,Weston
Florida,Westville
Florida,Wewahitchka
Florida,White Springs
Florida,Wildwood
Florida,Williston
Florida,Wilton Manors
Florida,Windermere
Florida,Winter Garden
Florida,Winter Haven
Florida,Winter Park
Florida,Winter Springs
Florida,Worthington Springs
Florida,Yankeetown
Florida,Zephyrhills
Florida,Zolfo Springs
Virginia,Adwolf
Virginia,Allisonia
Virginia,Amelia Courthouse
Virginia,Annandale
Virginia,Apple Mountain Lake
Virginia,Aquia Harbour
Virginia,Arcola
Virginia,Ashburn
Virginia,Atkins
Virginia,Atlantic
Virginia,Augusta Springs
Virginia,Bailey's Crossroads
Virginia,Baskerville
Virginia,Basye
Virginia,Bayside
Virginia,Bellwood
Virginia,Belmont Estates
Virginia,Belmont
Virginia,Belview
Virginia,Benns Church
Virginia,Bensley
Virginia,Bethel Manor
Virginia,Blairs
Virginia,Bland
Virginia,Blue Ridge Shores
Virginia,Bobtown
Virginia,Bon Air
Virginia,Boston
Virginia,Boswell's Corner
Virginia,Bracey
Virginia,Brambleton
Virginia,Brandermill
Virginia,Brightwood
Virginia,Broadlands
Virginia,Buckhall
Virginia,Buckingham
Virginia,Bull Run Mountain Estates
Virginia,Bull Run
Virginia,Burke Centre
Virginia,Burke
Virginia,Callaghan
Virginia,Calverton
Virginia,Camptown
Virginia,Cana
Virginia,Captains Cove
Virginia,Carrollton
Virginia,Carrsville
Virginia,Cascades
Virginia,Castlewood
Virginia,Catlett
Virginia,Cats Bridge
Virginia,Central Garage
Virginia,Centreville
Virginia,Chantilly
Virginia,Charles City
Virginia,Chatmoss
Virginia,Cherry Hill
Virginia,Chester Gap
Virginia,Chester
Virginia,Claypool Hill
Virginia,Clover
Virginia,Cluster Springs
Virginia,Collinsville
Virginia,Crosspointe
Virginia,Crozet
Virginia,Cumberland
Virginia,Dahlgren
Virginia,Dale City
Virginia,Dante
Virginia,Deep Creek
Virginia,Deltaville
Virginia,Dranesville
Virginia,Draper
Virginia,Dryden
Virginia,Dulles Town Center
Virginia,Dumbarton
Virginia,Dunn Loring
Virginia,East Highland Park
Virginia,East Lexington
Virginia,Ebony
Virginia,Elliston-Lafayette
Virginia,Emory-Meadowview
Virginia,Emory
Virginia,Enon
Virginia,Esmont
Virginia,Ettrick
Virginia,Ewing
Virginia,Fair Lakes
Virginia,Fair Oaks
Virginia,Fairfax Station
Virginia,Fairview Beach
Virginia,Fairview
Virginia,Falmouth
Virginia,Fancy Gap
Virginia,Fieldale
Virginia,Flint Hill
Virginia,Floris
Virginia,Fort Chiswell
Virginia,Fort Hunt
Virginia,Franconia
Virginia,Franklin Farm
Virginia,Gainesville
Virginia,Gargatha
Virginia,Gasburg
Virginia,George Mason
Virginia,Glen Allen
Virginia,Gloucester Courthouse
Virginia,Gloucester Point
Virginia,Goochland
Virginia,Gratton
Virginia,Great Falls
Virginia,Greenbackville
Virginia,Greenbriar
Virginia,Greenbush
Virginia,Groveton
Virginia,Gwynn
Virginia,Hampden Sydney
Virginia,Harborton
Virginia,Harriston
Virginia,Hayfield
Virginia,Heathsville
Virginia,Henry Fork
Virginia,Highland Springs
Virginia,Hiwassee
Virginia,Hollymead
Virginia,Horntown
Virginia,Horsepasture
Virginia,Hot Springs
Virginia,Huntington
Virginia,Hybla Valley
Virginia,Idylwood
Virginia,Innsbrook
Virginia,Ivanhoe
Virginia,Ivy
Virginia,Keokee
Virginia,King and Queen Court House
Virginia,King George
Virginia,King William
Virginia,Kings Park West
Virginia,Kings Park
Virginia,Kingstowne
Virginia,Lafayette
Virginia,Lake Barcroft
Virginia,Lake Caroline
Virginia,Lake Holiday
Virginia,Lake Land'Or
Virginia,Lake of the Woods
Virginia,Lake Ridge
Virginia,Lake Wilderness
Virginia,Lakeside
Virginia,Lansdowne
Virginia,Laurel Hill
Virginia,Laurel Park
Virginia,Laurel
Virginia,Lee Mont
Virginia,Lincolnia
Virginia,Linton Hall
Virginia,Loch Lomond
Virginia,Long Branch
Virginia,Lorton
Virginia,Loudoun Valley Estates
Virginia,Low Moor
Virginia,Lowes Island
Virginia,Makemie Park
Virginia,Manchester
Virginia,Mantua
Virginia,Mappsburg
Virginia,Mappsville
Virginia,Marshall
Virginia,Marumsco
Virginia,Mason Neck
Virginia,Massanetta Springs
Virginia,Matoaca
Virginia,Maurertown
Virginia,Max Meadows
Virginia,McLean
Virginia,McMullin
Virginia,McNair
Virginia,Meadowbrook
Virginia,Meadowview
Virginia,Merrifield
Virginia,Merrimac
Virginia,Metompkin
Virginia,Middlebrook
Virginia,Midland
Virginia,Modest Town
Virginia,Montclair
Virginia,Montrose
Virginia,Montvale
Virginia,Moorefield Station
Virginia,Motley
Virginia,Mount Hermon
Virginia,Mount Sidney
Virginia,Mount Vernon
Virginia,Mountain Road
Virginia,Nathalie
Virginia,Neabsco
Virginia,Nelsonia
Virginia,New Baltimore
Virginia,New Church
Virginia,New Hope
Virginia,New Kent
Virginia,New River
Virginia,Newington Forest
Virginia,Newington
Virginia,Nokesville
Virginia,North Springfield
Virginia,Nottoway
Virginia,Oak Grove
Virginia,Oak Hall
Virginia,Oak Level
Virginia,Oakton
Virginia,Opal
Virginia,Pantops
Virginia,Parrott
Virginia,Passapatanzy
Virginia,Pastoria
Virginia,Patrick Springs
Virginia,Pimmit Hills
Virginia,Piney Mountain
Virginia,Plum Creek
Virginia,Potomac Mills
Virginia,Prices Fork
Virginia,Prince George
Virginia,Pungoteague
Virginia,Quantico Station
Virginia,Quinby
Virginia,Raven
Virginia,Ravensworth
Virginia,Reston
Virginia,Riner
Virginia,Rivanna (CDP)
Virginia,Riverdale
Virginia,Riverview
Virginia,Rockwood
Virginia,Rose Hill
Virginia,Rushmere
Virginia,Saluda
Virginia,Sandy Level
Virginia,Sanford
Virginia,Savage Town
Virginia,Savageville
Virginia,Scotland
Virginia,Sedley
Virginia,Selma
Virginia,Seven Corners
Virginia,Shawnee Land
Virginia,Shenandoah Farms
Virginia,Shenandoah Retreat
Virginia,Shenandoah Shores
Virginia,Short Pump
Virginia,Skyland Estates
Virginia,Snowville
Virginia,South Chesconessex
Virginia,South Riding
Virginia,South Run
Virginia,Southampton Meadows
Virginia,Southern Gateway
Virginia,Sperryville
Virginia,Spotsylvania Courthouse
Virginia,Springfield
Virginia,Springville
Virginia,Stafford
Virginia,Stanleytown
Virginia,Sterling
Virginia,Stone Ridge
Virginia,Sudley
Virginia,Sugar Grove
Virginia,Sugarland Run
Virginia,Sussex
Virginia,Tasley
Virginia,Temperanceville
Virginia,Templeton
Virginia,Thynedale
Virginia,Triangle
Virginia,Tuckahoe
Virginia,Twin Lakes
Virginia,Tysons
Virginia,Union Level
Virginia,University Center
Virginia,University of Virginia (census-designated place)
Virginia,Vansant
Virginia,Villa Heights
Virginia,Warfield
Virginia,Warm Springs
Virginia,Wattsville
Virginia,West Falls Church
Virginia,West Springfield
Virginia,Whitesville
Virginia,Wolf Trap
Virginia,Woodbridge
Virginia,Woodburn
Virginia,Woodlake
Virginia,Woodlawn
Virginia,Wyndham
Virginia,Yogaville
Virginia,Yorkshire
Virginia,Yorktown
