,Other_Road_List
0,"flooding island,of flooding island,nig heights,at nig heights,to crest,expected to crest,cr estate,to cr estate,c rest,to c rest,cre street,to cre street,n extension,the n extension,ea street,areas ea street,never drive,us-7 never drive,wa terrace,standing wa terrace"
1,"h island,of h island"
2,"to crest,expected to crest,cr estate,to cr estate,c rest,to c rest,cre street,to cre street,th island,until th island,on roads,traveling on roads,never drive,& never drive,the route,ensure the route,take island,to take island"
3,"that road,reminder that road,road street,that road street,state road,st state road,th island,take th island"
4,"lat estate,the lat estate,late street,the late street"
5,"#hurricaneflorence island,and #hurricaneflorence island,rain fall,heavy rain fall,flooded roads,home flooded roads,never drive,deadly never drive,pa street,drive pa street,wa terrace,standing wa terrace"
6,"many beach,access points,beach access points,carolina beach,on carolina beach"
7,"n extension,of n extension"
8,None
9,"county island,columbus county island,livingston creek,the livingston creek,creek bridge,livingston creek bridge,b ridge,creek b ridge"
10,"ju street,b locks,shooting b locks,a way,blocks a way"
11,"n extension,through n extension"
12,"ju street,se point,monday se point,lat estate,the lat estate,late street,the late street"
13,"af terrace,okay af terrace,le land,outside le land"
14,"ju street,in: cape,just in: cape,as well,campuses as well,h avenue,practices h avenue"
15,"ju street,n extension,all n extension"
16,"le fort,are le fort,new center,on new center,centre drive,new centre drive"
17,"bladen lakes,county: bladen lakes,shel terrace,lakes shel terrace,shel terrace,school shel terrace"
18,None
19,"ju street,af terrace,killed af terrace,mercer avenue,on mercer avenue,th island,avenue th island,lea street,at lea street,h avenue,people h avenue"
20,"ju street,carolina beach,conditions carolina beach,h avenue,officials h avenue,cut bridge,snows cut bridge,b ridge,cut b ridge"
21,"li street,complete li street,of road,list of road"
22,"our roads,for our roads,a road,see a road,b lock,road b lock"
23,"b lock,1600 b lock,moore plaza,of moore plaza,he island,plaza he island,fi rest,with fi rest,fir street,with fir street,b lock,1300 b lock,green field,of green field,greenfield street,of greenfield street"
24,"pa street,the pa street,h avenue,days h avenue,la street,since la street,underwa terrace,are underwa terrace"
25,"especi alley,money especi alley,especially viaduct,money especially viaduct,western union,via western union,gi fort,or gi fort,ca roads,gift ca roads,th island,like th island"
26,"200 roads,nearly 200 roads,li street,updated li street"
27,"911 center,the 911 center,cen terrace,911 cen terrace,re port,to re port,road ways,blocking road ways"
28,"ha road,working ha road,the road,off the road,ju street,jobs ju street"
29,"lig heights,and roads,damaged and roads,h avenue,likely h avenue,impa courts,catastrophic impa courts"
30,None
31,"and lake,college and lake,lake avenue,and lake avenue,power island,ave power island,the roads,off the roads"
32,"rain island,the rain island,the roads,off the roads"
33,"front street,s front street,n extension,the n extension,green field,between green field,greenfield street,between greenfield street,burnett boulevard,and burnett boulevard,af terrace,until af terrace,the river,after the river,wa terrace,tide wa terrace,h avenue,levels h avenue,road way,the road way"
34,"rt lane,blocking rt lane,ju street,capital ju street,pa street,just pa street"
35,"lat estate,the lat estate,late street,the late street,cross road,sandy cross road"
36,"b estate,be street,lat estate,the lat estate,late street,the late street,mig heights,offer mig heights"
37,"lat estate,the lat estate,late street,the late street,latest road,the latest road"
38,"s key,from s key,117 island,goldsboro 117 island"
39,"mig heights,mo street,the mo street,dire court,more dire court,direct route,more direct route,mig heights,it mig heights,pretty well,it pretty well,mig heights,well mig heights"
40,"le fort,2 le fort,wendell falls,at wendell falls,th island,sorry th island,one island,this one island,h avenue,youd h avenue,fi rest,it fi rest,fir street,it fir street"
41,"knight dale,near knight dale,rock road,eagle rock road"
42,ncdot island
43,"b estate,be street,ncdot island,the ncdot island,lat estate,the lat estate,late street,the late street,for roads,information for roads"
44,"passable roads,few passable roads,off roads,stay off roads"
45,"#durham roads,some #durham roads,th island,closed th island,chapel hill,old chapel hill,hill island,chapel hill island,windermere island,at windermere island"
46,"fayette ville,nc-87 fayette ville"
47,"fayette ville,in fayette ville"
48,"chapel hill,old chapel hill,hill road,chapel hill road,rd island,hill rd island"
49,"1100 roads,@ncdot 1100 roads,by land,inaccessible by land"
50,None
51,None
52,"of roads,100s of roads"
53,None
54,"a lane,about a lane"
55,"rig heights,6a: rig heights,right lane,6a: right lane"
56,"ju street,fenton ju street"
57,"of roads,roadparts of roads"
58,None
59,"roc key,from roc key,rocky mount,from rocky mount"
60,"primary roads,171 primary roads,secondary roads,600 secondary roads,ju street,not ju street,coa street,the coa street,blocking roads,now blocking roads,as well,nc as well"
61,"many roads,so many roads,li street,comprehensive li street,80 roads,than 80 roads"
62,"dozen roads,a dozen roads"
63,"i-95 island,why i-95 island"
64,"re ports,no re ports"
65,None
66,"major roads,the major roads,coa street,the coa street,coast bottom,the coast bottom,ea street,and ea street"
67,"95sb island,raleigh 95sb island,roc key,at roc key,rocky mount,at rocky mount"
68,"""travel island,@ncdot: ""travel island,all roads,on all roads,ea street,and ea street,p place,routing p place,flooding island,#florence flooding island"
69,None
70,"prom points,crash prom points,bern avenue,new bern avenue"
71,None
72,"th island,#garner th island"
73,"clark avenue,#raleigh clark avenue,affe court,could affe court,expe court,culvert expe court"
74,"ju street,wa terrace,if wa terrace,at road,receded at road,the road,closures the road,closure island,road closure island,effe court,in effe court"
75,"deep river,the deep river,and island,rise and island,th island,at th island,plank road,north plank road,jordan road,r jordan road,there island,site there island,the river,along the river"
76,"in land,am in land,a mount,incredible a mount,of road,amount of road,other roads,many other roads"
77,"ea street,i-40 ea street,crash lane,vehicle crash lane"
78,"ea street,i-40 ea street"
79,"ea street,i-40 ea street"
80,"fayette ville,fayetteville road"
81,"nig heights,micro nig heights"
82,None
83,None
84,None
85,None
86,"ea street,us-264 ea street,crash ramp,vehicle crash ramp"
87,"ea street,us-64 ea street,crash ramp,vehicle crash ramp"
88,"crash lane,vehicle crash lane"
89,"for estate,wake for estate,wake forest,fo rest,wake fo rest,fore street,wake fore street,forest road,wake forest road,vehicle lane,disabled vehicle lane"
90,"w estate,i-40 w estate,we street,i-40 we street,chapel hill,near chapel hill"
91,None
92,ridge road
93,western boulevard
94,"w estate,i-40 w estate,we street,i-40 we street,crash ramp,vehicle crash ramp,ramp lane,crash ramp lane"
95,"w estate,i-540 w estate,we street,i-540 we street,knight dale,near knight dale"
96,"redwood road,construction road,durham construction road"
97,"w estate,i-40 w estate,we street,i-40 we street,morris ville,near morris ville,crash ramp,vehicle crash ramp,ramp lane,crash ramp lane"
98,None
99,"crash lane,vehicle crash lane"
100,"triangle expressway,express way,triangle express way,nig heights,apex nig heights"
101,"triangle expressway,express way,triangle express way"
102,"triangle expressway,express way,triangle express way,nig heights,apex nig heights"
103,"capital boulevard,nig heights,raleigh nig heights"
104,"stagecoach road,event road,weather event road"
105,"air port,airport boulevard,morris ville,near morris ville,crash ramp,vehicle crash ramp,ramp lane,crash ramp lane"
106,"ea street,i-40 ea street,crash lane,vehicle crash lane"
107,None
108,"ea street,i-40 ea street,morris ville,near morris ville"
109,"ea street,i-40 ea street"
110,"ea street,i-40 ea street"
111,"h avenue,we h avenue,all roads,from all roads,h avenue,we h avenue,sele court,to sele court,for road,look for road"
112,"vehicle lane,disabled vehicle lane"
113,"ea street,i-40 ea street"
114,"ea street,i-40 ea street"
115,"w estate,i-40 w estate,we street,i-40 we street"
116,"crash lane,vehicle crash lane"
117,"w estate,we street,gannon avenue,west gannon avenue,w estate,avenue w estate,we street,avenue we street,crash road,vehicle crash road"
118,"nig heights,durham nig heights"
119,"crash lane,vehicle crash lane"
120,"nig heights,raleigh nig heights,maintenance lane,time maintenance lane"
121,"crash road,vehicle crash road"
122,"capital boulevard,nig heights,raleigh nig heights"
123,"crash lane,vehicle crash lane"
124,"knight dale,near knight dale,vehicle lane,disabled vehicle lane"
125,"crash road,vehicle crash road"
126,"ea street,i-40 ea street"
127,"crash road,vehicle crash road"
128,"crash lane,vehicle crash lane"
129,"ea street,i-40 ea street"
130,"maintenance lane,goldston maintenance lane"
131,"ea street,i-40 ea street,crash lane,vehicle crash lane"
132,"ea street,i-40 ea street,crash lane,vehicle crash lane"
133,"ea street,i-40 ea street"
134,"ea street,i-40 ea street,crash lane,vehicle crash lane"
135,"construction lane,kenly construction lane"
136,"ea street,i-40 ea street,vehicle lane,disabled vehicle lane"
137,"ea street,i-40 ea street,crash lane,vehicle crash lane"
138,"stagecoach road,event road,weather event road"
139,"w estate,i-40 w estate,we street,i-40 we street,crash lane,vehicle crash lane"
140,"w estate,i-440 w estate,we street,i-440 we street,crash lane,vehicle crash lane"
141,"w estate,i-40 w estate,we street,i-40 we street"
142,"w estate,i-40 w estate,we street,i-40 we street,crash lane,vehicle crash lane"
143,"w estate,us-64 w estate,we street,us-64 we street"
144,"w estate,us-64 w estate,we street,us-64 we street,knight dale,near knight dale"
145,"w estate,us-64 w estate,we street,us-64 we street"
146,"crash road,vehicle crash road"
147,"blue ridge,ridge road,blue ridge road,ea street,rd ea street,crash lane,vehicle crash lane"
148,"nig heights,raleigh nig heights,maintenance lane,time maintenance lane"
149,"saunders street,s saunders street,nig heights,raleigh nig heights,maintenance lane,time maintenance lane"
150,"ea street,us-264 ea street,crash lane,vehicle crash lane"
151,"ea street,us-64 ea street,crash lane,vehicle crash lane"
152,"w estate,i-40 w estate,we street,i-40 we street,other ramp,benson other ramp"
153,"penny road,crash road,vehicle crash road"
154,"ea street,i-440 ea street,crash lane,vehicle crash lane"
155,"ea street,i-40 ea street"
156,"wooda road,woodard road,r estate,event r estate,event rest,weather event rest,re street,event re street"
157,"stagecoach road,event road,weather event road"
158,"elm street,n elm street,event road,weather event road"
159,"w estate,i-40 w estate,we street,i-40 we street,vehicle lane,disabled vehicle lane"
160,"crash lane,vehicle crash lane"
161,"store road,woodys store road,event road,weather event road"
162,"oakley road,julian oakley road,ea street,both ea street,event road,weather event road"
163,"crash lane,vehicle crash lane"
164,None
165,"morris ville,near morris ville"
166,"maintenance lane,apex maintenance lane"
167,"crash lane,vehicle crash lane"
168,"ea street,i-40 ea street"
169,"ea street,i-40 ea street,crash lane,vehicle crash lane"
170,"enon road,ox ford,of ox ford,oxfo road,of oxfo road,event road,weather event road"
171,"w estate,i-440 w estate,we street,i-440 we street,crash lane,vehicle crash lane"
172,"hopson road,crash lane,vehicle crash lane"
173,None
174,"sandling road,john sandling road,w estate,north w estate,we street,north we street,other road,franklinton other road"
175,"crash lane,vehicle crash lane"
176,"ea street,i-440 ea street,crash lane,vehicle crash lane"
177,"green hill,hill road,green hill road,w estate,north w estate,we street,north we street,other road,franklinton other road"
178,"jones ferry,ferry road,jones ferry road,event lane,weather event lane"
179,"jones ferry,ferry road,jones ferry road,event lane,weather event lane"
180,"community road,ox ford,near ox ford,oxfo road,near oxfo road,event road,weather event road"
181,"triangle expressway,express way,triangle express way,nig heights,apex nig heights"
182,"triangle expressway,express way,triangle express way,construction lane,cary construction lane"
183,"moores mill,mill road,moores mill road,event road,weather event road"
184,"v alley,bay v alley,bay valley,valley road,bay valley road,construction road,kenly construction road"
185,"church road,prong church road,ea street,south ea street,construction road,benson construction road"
186,"herring road,construction road,brogden construction road"
187,"community road,ox ford,near ox ford,oxfo road,near oxfo road,event road,weather event road"
188,"snow hill,hill road,snow hill road"
189,"ea street,i-440 ea street,crash lane,vehicle crash lane"
190,"berry-pearce road,event road,weather event road"
191,"ashley road,dink ashley road,ea street,south ea street,event road,weather event road"
192,"duncan road,kermit duncan road,ea street,south ea street,event road,weather event road"
193,"buckleberry road,event road,weather event road"
194,"todd road,event road,weather event road"
195,"adcock road,lawson adcock road,ea street,north ea street,event road,weather event road"
196,"crash road,vehicle crash road"
197,"construction ramp,kenly construction ramp"
198,"construction lane,kenly construction lane"
199,"ho well,j ho well,howell road,j howell road,event road,weather event road"
200,"old route,22 road,route 22 road,event road,weather event road"
201,"capital boulevard,crash lane,vehicle crash lane"
202,"parham road,event road,weather event road"
203,"morr island,morris road,w estate,both w estate,we street,both we street,event road,weather event road"
204,"crantock road,smith field,near smith field,event road,weather event road"
205,"parham road,event road,weather event road"
206,"redwood road,construction road,durham construction road"
207,"mooney road,mollie mooney road,ea street,both ea street,event road,weather event road"
208,"rains crossroads,cross roads,rains cross roads,crossroads road,rains crossroads road,event road,weather event road"
209,"berry-pearce road,event road,weather event road"
210,"crash lane,vehicle crash lane"
211,"edwa roads,s edwa roads,edwards road,s edwards road,event road,weather event road"
212,"charlie brooks,brooks road,charlie brooks road,event road,weather event road"
213,"edwa roads,edwards hill,church road,hill church road,event road,weather event road"
214,"us-501 island,hi us-501 island,changing road,quickly changing road"
215,"rail road,n rail road,railroad street,n railroad street,event road,weather event road"
216,"duncan road,kermit duncan road,ea street,south ea street,event road,weather event road"
217,"store road,woodys store road,event road,weather event road"
218,"th island,county th island,road way,manage road way"
219,"church road,chatham church road,event road,weather event road"
220,"bern avenue,new bern avenue,raleigh island,in raleigh island"
221,"ea street,i-40 ea street,crash lane,vehicle crash lane"
222,"event lane,weather event lane"
223,"w estate,i-40 w estate,we street,i-40 we street,crash lane,vehicle crash lane"
224,"event road,weather event road"
225,"event road,weather event road"
226,"chapel hill,old chapel hill,hill road,chapel hill road,durham island,in durham island,everwood court,between everwood court,jean avenue,and jean avenue,the road,ave the road,road island,the road island,garrett road,use garrett road,durham drive,sw durham drive,h avenue,still h avenue"
227,"event ramp,weather event ramp"
228,"w estate,north w estate,we street,north we street,event ramp,weather event ramp"
229,"w estate,beltline w estate,we street,beltline we street"
230,"d river,#ncdmv d river,miami boulevard,s miami boulevard,durham island,in durham island,v alley,hope v alley,hope valley,the hope valley,shopping center,valley shopping center,cen terrace,shopping cen terrace"
231,"w estate,i-40 w estate,we street,i-40 we street"
232,"w estate,i-40 w estate,we street,i-40 we street"
233,"w estate,beltline w estate,we street,beltline we street,crash lane,vehicle crash lane"
234,None
235,"capital boulevard,crash road,vehicle crash road"
236,"w estate,us-70 w estate,we street,us-70 we street"
237,"pleasant green,green road,pleasant green road,ea street,both ea street,hillsborough road,of hillsborough road,obstruction ramp,road obstruction ramp"
238,"go loaf,finley go loaf,golf course,finley golf course,course road,golf course road,chapel hill,in chapel hill,hill road,chapel hill road,obstruction ramp,road obstruction ramp"
239,"wildcat creek,creek road,wildcat creek road,w estate,both w estate,we street,both we street,chapel hill,of chapel hill,hill road,chapel hill road,obstruction ramp,road obstruction ramp"
240,"ly stravenue,old ly stravenue,lystra road,old lystra road,chapel hill,of chapel hill,hill road,chapel hill road,obstruction road,road obstruction road"
241,"ea street,us-64 ea street,event lane,weather event lane"
242,"w estate,us-70 w estate,we street,us-70 we street,event lane,weather event lane"
243,"crash lane,vehicle crash lane"
244,"hagwood road,bunn road,of bunn road,obstruction road,road obstruction road"
245,"ea street,i-40 ea street,w estate,south w estate,we street,south we street,wilsons mills,of wilsons mills"
246,"w estate,i-440 w estate,we street,i-440 we street,crash road,vehicle crash road"
247,"debr island,clearing debr island,from roads,debris from roads,where roads,signs where roads"
248,"holly grove,grove road,holly grove road,event road,weather event road"
249,"ea street,i-440 ea street,crash lane,vehicle crash lane"
250,"nig heights,raleigh nig heights"
251,"ea street,i-440 ea street,nig heights,raleigh nig heights"
252,"nig heights,raleigh nig heights,maintenance lane,time maintenance lane"
253,"event road,weather event road"
254,"church road,progressive church road,event road,weather event road"
255,"quarterhorse road,smith field,near smith field,event road,weather event road"
256,"old route,22 road,route 22 road,event road,weather event road"
257,"raleigh road,event road,weather event road"
258,"baileys crossroads,cross roads,baileys cross roads,crossroads road,baileys crossroads road,event road,weather event road"
259,"stephenson road,event road,weather event road"
260,"debr island,clearing debr island,from roads,debris from roads,where roads,signs where roads"
261,"richardson bridge,b ridge,richardson b ridge,bridge road,richardson bridge road,smith field,near smith field,event road,weather event road"
262,"richardson bridge,b ridge,richardson b ridge,bridge road,richardson bridge road,event road,weather event road"
263,"stewart road,event road,weather event road"
264,"parkertown road,event road,weather event road"
265,"creek bridge,b ridge,creek b ridge,bridge road,creek bridge road,event road,weather event road"
266,"beasley road,event road,weather event road"
267,"race track,devils race track,racetrack road,devils racetrack road,event road,weather event road"
268,"race track,devils race track,racetrack road,devils racetrack road,event road,weather event road"
269,"race track,devils race track,racetrack road,devils racetrack road,event road,weather event road"
270,"ea street,i-40 ea street,chapel hill,near chapel hill,crash lane,vehicle crash lane"
271,"event road,weather event road"
272,"event road,weather event road"
273,"ea street,i-40 ea street,chapel hill,near chapel hill"
274,"ea street,i-40 ea street,crash ramp,vehicle crash ramp"
275,"ea street,i-40 ea street,crash ramp,vehicle crash ramp"
276,"w estate,i-440 w estate,we street,i-440 we street,crash lane,vehicle crash lane"
277,"richardson bridge,b ridge,richardson b ridge,bridge road,richardson bridge road,event road,weather event road"
278,"w estate,bus w estate,we street,bus we street,crash road,vehicle crash road"
279,"w estate,us-70 w estate,we street,us-70 we street"
280,"w estate,i-440 w estate,we street,i-440 we street"
281,"w estate,i-40 w estate,we street,i-40 we street"
282,"w estate,i-40 w estate,we street,i-40 we street,crash ramp,vehicle crash ramp"
283,"event road,weather event road"
284,"kenan road,event road,weather event road"
285,None
286,"crash lane,vehicle crash lane"
287,"event road,weather event road"
288,"w estate,we street,gannon road,west gannon road,zebulon road,in zebulon road,obstruction road,road obstruction road"
289,"ea street,i-40 ea street"
290,"parkertown road,event road,weather event road"
291,"church road,juniper church road,event road,weather event road"
292,"event lane,weather event lane"
293,"event road,weather event road"
294,"w estate,i-40 w estate,we street,i-40 we street,crash ramp,vehicle crash ramp,ramp lane,crash ramp lane"
295,"crash lane,vehicle crash lane"
296,"baileys crossroads,cross roads,baileys cross roads,crossroads road,baileys crossroads road,event road,weather event road"
297,"creek bridge,b ridge,creek b ridge,bridge road,creek bridge road,event road,weather event road"
298,"w estate,i-40 w estate,we street,i-40 we street,crash ramp,vehicle crash ramp"
299,"crash road,vehicle crash road"
300,"event road,weather event road"
301,"church road,chatham church road,event road,weather event road"
302,"event road,weather event road"
303,"race track,devils race track,racetrack road,devils racetrack road,event road,weather event road"
304,"race track,devils race track,racetrack road,devils racetrack road,event road,weather event road"
305,"ralieigh road,event road,weather event road"
306,"w estate,i-40 w estate,we street,i-40 we street"
307,"ea street,i-540 ea street,raleigh road,near raleigh road,obstruction lane,road obstruction lane"
308,"stewart road,event road,weather event road"
309,"event road,weather event road"
310,"western boulevard,event ramp,weather event ramp"
311,"old route,22 road,route 22 road,event road,weather event road"
312,"w estate,i-440 w estate,we street,i-440 we street,crash ramp,vehicle crash ramp,ramp lane,crash ramp lane"
313,"banks road,event road,weather event road"
314,"ea street,i-540 ea street,crash lane,vehicle crash lane"
315,"ea street,i-540 ea street"
316,"ea street,i-40 ea street,crash lane,vehicle crash lane"
317,"quarterhorse road,smith field,near smith field,event road,weather event road"
318,"church road,progressive church road,event road,weather event road"
319,"w estate,i-40 w estate,we street,i-40 we street,benson road,near benson road,obstruction road,road obstruction road"
320,"race track,devils race track,racetrack road,devils racetrack road,event road,weather event road"
321,"event road,weather event road"
322,"w estate,i-40 w estate,we street,i-40 we street,benson road,near benson road,obstruction lane,road obstruction lane"
323,"house road,red house road,smith field,near smith field,event road,weather event road"
324,"w estate,i-40 w estate,we street,i-40 we street,benson road,near benson road,obstruction lane,road obstruction lane"
325,"ea street,us-70 ea street,crash lane,vehicle crash lane"
326,"beasley road,event road,weather event road"
327,"richardson bridge,b ridge,richardson b ridge,bridge road,richardson bridge road,smith field,near smith field,event road,weather event road"
328,"stephenson road,event road,weather event road"
329,"event road,weather event road"
330,"race track,devils race track,racetrack road,devils racetrack road,event road,weather event road"
331,"chapel road,s chapel road,smith field,near smith field,event road,weather event road"
332,"glenwood avenue,ea street,avenue ea street"
333,"crash road,vehicle crash road"
334,"d river,#ncdmv d river,avent ferry,on avent ferry,ferry road,avent ferry road,raleigh island,in raleigh island"
335,"overnig heights,sleep overnig heights"
336,"glenwood avenue,avenue island,glenwood avenue island,creedmoor road,near creedmoor road,lat estate,the lat estate,late street,the late street,latest road,the latest road"
337,"raleigh boulevard,north raleigh boulevard,bouleva road,raleigh bouleva road,raleigh road,in raleigh road,obstruction road,road obstruction road"
338,"glenwood avenue,raleigh road,in raleigh road,obstruction road,road obstruction road"
339,"creedmoor road,for estate,wake for estate,wake forest,near wake forest,fo rest,wake fo rest,fore street,wake fore street,forest road,wake forest road,obstruction road,road obstruction road"
340,"w estate,i-40 w estate,we street,i-40 we street"
341,"d river,#ncdmv d river,w estate,in w estate,we street,in we street,raleigh island,west raleigh island"
342,"crash lane,vehicle crash lane"
343,"crowder road,raleigh road,near raleigh road,obstruction road,road obstruction road"
344,"w estate,i-40 w estate,we street,i-40 we street,crash lane,vehicle crash lane"
345,"d river,#ncdmv d river,at spring,office at spring,for estate,spring for estate,spring forest,at spring forest,fo rest,spring fo rest,fore street,spring fore street,raleigh island,in raleigh island"
346,"d river,#ncdmv d river,at spring,office at spring,for estate,spring for estate,spring forest,at spring forest,fo rest,spring fo rest,fore street,spring fore street"
347,"d river,#ncdmv d river,v alley,hope v alley,hope valley,the hope valley,shopping center,valley shopping center,cen terrace,shopping cen terrace"
348,"bern avenue,new bern avenue"
349,"mo street,d river,#ncdmv d river,headquarters island,dmv headquarters island"
350,"bern avenue,new bern avenue,raleigh island,in raleigh island"
351,"roxboro island,in roxboro island"
352,"d river,#ncdmv d river,fuquay-varina island,in fuquay-varina island"
353,"d river,#ncdmv d river,wendell island,in wendell island"
354,"ea street,i-40 ea street"
355,"mo street,the mo street,for road,use for road"
356,"lat estate,the lat estate,late street,the late street,and road,conditions and road"
357,None
358,"d river,#ncdmv d river,ox ford,in ox ford,oxfo road,in oxfo road"
359,"d river,#ncdmv d river"
360,"morris ville,near morris ville"
361,"signs road,100 signs road,wa terrace,closedhigh wa terrace"
362,"h island,leading h island"
363,"signs road,24 signs road,wa terrace,closedhigh wa terrace"
364,None
365,"w estate,i-540 w estate,we street,i-540 we street,crash lane,vehicle crash lane"
366,"ea street,i-440 ea street,crash road,vehicle crash road"
367,"crash lane,vehicle crash lane"
368,"w estate,i-40 w estate,we street,i-40 we street"
369,"w estate,i-40 w estate,we street,i-40 we street"
370,"w estate,i-40 w estate,we street,i-40 we street,vehicle lane,disabled vehicle lane"
371,"d river,#ncdmv d river,smith field,in smith field,smithfield island,in smithfield island"
372,"w estate,us-64 w estate,we street,us-64 we street"
373,"w estate,us-64 w estate,we street,us-64 we street,crash lane,vehicle crash lane"
374,"w estate,i-440 w estate,we street,i-440 we street"
375,"cornwall island,w cornwall island,cornwallis road,w cornwallis road,construction road,durham construction road"
376,"w estate,i-440 w estate,we street,i-440 we street"
377,"stop road,truck stop road,crash road,vehicle crash road"
378,"w estate,i-40 w estate,we street,i-40 we street"
379,"w estate,i-40 w estate,we street,i-40 we street"
380,"w estate,i-40 w estate,we street,i-40 we street"
381,"w estate,i-40 w estate,we street,i-40 we street"
382,"nig heights,micro nig heights"
383,"fayette ville,between fayette ville,fayetteville road,between fayetteville road,aviation parkway,and aviation parkway,pk way,aviation pk way"
384,"coley road,alt: coley road,olive branch,on olive branch,b ranch,olive b ranch,branch road,olive branch road,carpen terrace,between carpen terrace,pond road,carpenter pond road,and highway,rd and highway,h way,and h way"
385,None
386,None
387,"on highway,#wakecounty on highway,h way,on h way,tryon road,and tryon road"
388,"goodwin road,alt: goodwin road,infinity road,on infinity road,@high meadows,rd @high meadows,meadows road,@high meadows road,roxoboro street,between roxoboro street,snow hill,and snow hill,hl road,snow hl road"
389,"alt: highway,flooding: alt: highway,h way,alt: h way,stagecoach road,on stagecoach road,hope valley,between hope valley,vly road,hope vly road,farrington road,and farrington road"
390,"right- lane,the right- lane,capital boulevard,- capital boulevard,gresham lake,near gresham lake,lk road,gresham lk road"
391,"the road,blocking the road,creedmoor road,on creedmoor road"
392,"capital boulevard,on capital boulevard,wade avenue,at wade avenue"
393,"detour island,short detour island,wade avenue,on wade avenue,capital boulevard,at capital boulevard"
394,"around-the-c lock,closed around-the-c lock,alt: highway,construction: alt: highway,h way,alt: h way,cornwall island,on cornwall island,cornwallis road,on cornwallis road,between highway,ebwb between highway,h way,between h way,erwin road,and erwin road"
395,"ramp bridge,b ridge,ramp b ridge,c lock,the c lock,on highway,#durham on highway,h way,on h way,miami boulevard,at miami boulevard"
396,"around-the-c lock,blocked around-the-c lock,green way,long-term green way,chapel hill,old chapel hill,hl road,chapel hl road"
397,"on highway,#johnstoncounty on highway,h way,on h way,and highway,eb and highway,h way,and h way"
398,"on- ramp,95 on- ramp,bagley road,and bagley road"
399,"n extension,am n extension,house road,high house road,cary parkway,near cary parkway,pk way,cary pk way"
400,"around-the-c lock,closed around-the-c lock,pettigrew street,on pettigrew street,briggs avenue,between briggs avenue,fayette ville,and fayette ville,fayetteville street,and fayetteville street"
401,"coley road,alt: coley road,olive branch,on olive branch,b ranch,olive b ranch,branch road,olive branch road,carpen terrace,between carpen terrace,pond road,carpenter pond road,and highway,rd and highway,h way,and h way"
402,None
403,None
404,"around-the-c lock,closed around-the-c lock,alt: park,construction: alt: park,park drive,alt: park drive,clark avenue,on clark avenue"
405,"alt: highway,flooding: alt: highway,h way,alt: h way,stagecoach road,on stagecoach road,hope valley,between hope valley,vly road,hope vly road,farrington road,and farrington road"
406,"goodwin road,alt: goodwin road,infinity road,on infinity road,@high meadows,rd @high meadows,meadows road,@high meadows road,roxoboro street,between roxoboro street,snow hill,and snow hill,hl road,snow hl road"
407,"detour island,short detour island,wade avenue,on wade avenue,capital boulevard,at capital boulevard"
408,"around-the-c lock,closed around-the-c lock,alt: highway,construction: alt: highway,h way,alt: h way,cornwall island,on cornwall island,cornwallis road,on cornwallis road,between highway,ebwb between highway,h way,between h way,erwin road,and erwin road"
409,"ramp bridge,b ridge,ramp b ridge,c lock,the c lock,on highway,#durham on highway,h way,on h way,miami boulevard,at miami boulevard"
410,"around-the-c lock,blocked around-the-c lock,green way,long-term green way,chapel hill,old chapel hill,hl road,chapel hl road"
411,"on highway,#johnstoncounty on highway,h way,on h way,and highway,eb and highway,h way,and h way"
412,"on- ramp,95 on- ramp,bagley road,and bagley road"
413,"n extension,am n extension,house road,high house road,cary parkway,near cary parkway,pk way,cary pk way"
414,"around-the-c lock,closed around-the-c lock,pettigrew street,on pettigrew street,briggs avenue,between briggs avenue,fayette ville,and fayette ville,fayetteville street,and fayetteville street"
415,"coley road,alt: coley road,olive branch,on olive branch,b ranch,olive b ranch,branch road,olive branch road,carpen terrace,between carpen terrace,pond road,carpenter pond road,and highway,rd and highway,h way,and h way"
416,None
417,None
418,"goodwin road,alt: goodwin road,infinity road,on infinity road,@high meadows,rd @high meadows,meadows road,@high meadows road,roxoboro street,between roxoboro street,snow hill,and snow hill,hl road,snow hl road"
419,"alt: highway,flooding: alt: highway,h way,alt: h way,stagecoach road,on stagecoach road,hope valley,between hope valley,vly road,hope vly road,farrington road,and farrington road"
420,"around-the-c lock,closed around-the-c lock,alt: highway,construction: alt: highway,h way,alt: h way,cornwall island,on cornwall island,cornwallis road,on cornwallis road,between highway,ebwb between highway,h way,between h way,erwin road,and erwin road"
421,"coley road,alt: coley road,olive branch,on olive branch,b ranch,olive b ranch,branch road,olive branch road,carpen terrace,between carpen terrace,pond road,carpenter pond road,and highway,rd and highway,h way,and h way"
422,None
423,None
424,"n extension,am n extension,house road,high house road,cary parkway,near cary parkway,pk way,cary pk way"
425,"gannon avenue,on gannon avenue,todd road,mack todd road"
426,"wb lane,the wb lane,gannon avenue,on gannon avenue,todd road,mack todd road"
427,"goodwin road,alt: goodwin road,infinity road,on infinity road,@high meadows,rd @high meadows,meadows road,@high meadows road,roxoboro street,between roxoboro street,snow hill,and snow hill,hl road,snow hl road"
428,"right- lane,fayette ville,on fayette ville,fayetteville road,on fayetteville road,dortch street,& dortch street,the highway,near the highway,h way,the h way"
429,"alt: highway,flooding: alt: highway,h way,alt: h way,stagecoach road,on stagecoach road,hope valley,between hope valley,vly road,hope vly road,farrington road,and farrington road"
430,None
431,"le fort,accident le fort,left lane,accident left lane,redwood road,at redwood road"
432,"right- lane,fayette ville,on fayette ville,fayetteville road,on fayetteville road,dortch street,& dortch street,the highway,near the highway,h way,the h way"
433,"detour island,short detour island,wade avenue,on wade avenue,capital boulevard,at capital boulevard"
434,"ramp bridge,b ridge,ramp b ridge,c lock,the c lock,on highway,#durham on highway,h way,on h way,miami boulevard,at miami boulevard"
435,"around-the-c lock,blocked around-the-c lock,green way,long-term green way,chapel hill,old chapel hill,hl road,chapel hl road"
436,"on highway,#johnstoncounty on highway,h way,on h way,and highway,eb and highway,h way,and h way"
437,"on- ramp,95 on- ramp,bagley road,and bagley road"
438,"around-the-c lock,closed around-the-c lock,pettigrew street,on pettigrew street,briggs avenue,between briggs avenue,fayette ville,and fayette ville,fayetteville street,and fayetteville street"
439,"around-the-c lock,closed around-the-c lock,alt: highway,construction: alt: highway,h way,alt: h way,cornwall island,on cornwall island,cornwallis road,on cornwallis road,between highway,ebwb between highway,h way,between h way,erwin road,and erwin road"
440,"durham-chapel hill,alt: durham-chapel hill,hill boulevard,durham-chapel hill boulevard,chapel hill,old chapel hill,hl road,chapel hl road,farrington road,between farrington road,garrett road,and garrett road"
441,"coley road,alt: coley road,olive branch,on olive branch,b ranch,olive b ranch,branch road,olive branch road,carpen terrace,between carpen terrace,pond road,carpenter pond road,and highway,rd and highway,h way,and h way"
442,"goodwin road,alt: goodwin road,infinity road,on infinity road,@high meadows,rd @high meadows,meadows road,@high meadows road,roxoboro street,between roxoboro street,snow hill,and snow hill,hl road,snow hl road"
443,None
444,None
445,"alt: highway,flooding: alt: highway,h way,alt: h way,stagecoach road,on stagecoach road,hope valley,between hope valley,vly road,hope vly road,farrington road,and farrington road"
446,"on highway,#eastraleigh on highway,h way,on h way,rig heights,the rig heights"
447,"oine road,between oine road,the road,blocking the road"
448,"alt: highway,flooding: alt: highway,h way,alt: h way,stagecoach road,on stagecoach road,hope valley,between hope valley,vly road,hope vly road,farrington road,and farrington road"
449,"around-the-c lock,closed around-the-c lock,pettigrew street,on pettigrew street,briggs avenue,between briggs avenue,fayette ville,and fayette ville,fayetteville street,and fayetteville street"
450,"detour island,short detour island,wade avenue,on wade avenue,capital boulevard,at capital boulevard"
451,"ramp bridge,b ridge,ramp b ridge,c lock,the c lock,on highway,#durham on highway,h way,on h way,miami boulevard,at miami boulevard"
452,"around-the-c lock,blocked around-the-c lock,green way,long-term green way,chapel hill,old chapel hill,hl road,chapel hl road"
453,"on highway,#johnstoncounty on highway,h way,on h way,and highway,eb and highway,h way,and h way"
454,"on- ramp,95 on- ramp,bagley road,and bagley road"
455,None
456,None
457,"around-the-c lock,blocked around-the-c lock,green way,long-term green way,chapel hill,old chapel hill,hl road,chapel hl road"
458,"around-the-c lock,closed around-the-c lock,alt: highway,construction: alt: highway,h way,alt: h way,cornwall island,on cornwall island,cornwallis road,on cornwallis road,between highway,ebwb between highway,h way,between h way,erwin road,and erwin road"
459,"alt: highway,flooding: alt: highway,h way,alt: h way,stagecoach road,on stagecoach road,hope valley,between hope valley,vly road,hope vly road,farrington road,and farrington road"
460,"durham-chapel hill,alt: durham-chapel hill,hill boulevard,durham-chapel hill boulevard,chapel hill,old chapel hill,hl road,chapel hl road,farrington road,between farrington road,garrett road,and garrett road"
461,"goodwin road,alt: goodwin road,infinity road,on infinity road,@high meadows,rd @high meadows,meadows road,@high meadows road,roxoboro street,between roxoboro street,snow hill,and snow hill,hl road,snow hl road"
462,"le fort,accident: le fort,left lane,accident: left lane,exit ramp,of exit ramp,saunders street,at saunders street"
463,"rig heights,accident rig heights,right lane,accident right lane,harrison avenue,at harrison avenue"
464,"coley road,alt: coley road,olive branch,on olive branch,b ranch,olive b ranch,branch road,olive branch road,carpen terrace,between carpen terrace,pond road,carpenter pond road,and highway,rd and highway,h way,and h way"
465,"goodwin road,alt: goodwin road,infinity road,on infinity road,@high meadows,rd @high meadows,meadows road,@high meadows road,roxoboro street,between roxoboro street,snow hill,and snow hill,hl road,snow hl road"
466,None
467,None
468,"alt: highway,flooding: alt: highway,h way,alt: h way,stagecoach road,on stagecoach road,hope valley,between hope valley,vly road,hope vly road,farrington road,and farrington road"
469,None
470,"around-the-c lock,closed around-the-c lock,pettigrew street,on pettigrew street,briggs avenue,between briggs avenue,fayette ville,and fayette ville,fayetteville street,and fayetteville street"
471,"detour island,short detour island,wade avenue,on wade avenue,capital boulevard,at capital boulevard"
472,"ramp bridge,b ridge,ramp b ridge,c lock,the c lock,on highway,#durham on highway,h way,on h way,miami boulevard,at miami boulevard"
473,"around-the-c lock,blocked around-the-c lock,green way,long-term green way,chapel hill,old chapel hill,hl road,chapel hl road"
474,"on highway,#johnstoncounty on highway,h way,on h way,and highway,eb and highway,h way,and h way"
475,"on- ramp,95 on- ramp,bagley road,and bagley road"
476,"glendon road,cty glendon road,w estate,nbsb w estate,we street,nbsb we street,of highway,west of highway,h way,of h way"
477,"durham-chapel hill,alt: durham-chapel hill,hill boulevard,durham-chapel hill boulevard,chapel hill,old chapel hill,hl road,chapel hl road,farrington road,between farrington road,garrett road,and garrett road"
478,"alt: highway,flooding: alt: highway,h way,alt: h way,on highway,#chathamcounty on highway,h way,on h way,old highway,the old highway,h way,old h way,and highway,nbsb and highway,h way,and h way"
479,"around-the-c lock,closed around-the-c lock,alt: highway,construction: alt: highway,h way,alt: h way,cornwall island,on cornwall island,cornwallis road,on cornwallis road,between highway,ebwb between highway,h way,between h way,erwin road,and erwin road"
480,"parker road,alt: parker road,on highway,#southjohnstoncounty on highway,h way,on h way,wellons road,between wellons road,raleigh road,and raleigh road"
481,"coley road,alt: coley road,olive branch,on olive branch,b ranch,olive b ranch,branch road,olive branch road,carpen terrace,between carpen terrace,pond road,carpenter pond road,and highway,rd and highway,h way,and h way"
482,"on highway,#chathamcounty:westofpittsboro on highway,h way,on h way,goldston road,pittsboro goldston road,cockman road,alex cockman road"
483,"goodwin road,alt: goodwin road,infinity road,on infinity road,@high meadows,rd @high meadows,meadows road,@high meadows road,roxoboro street,between roxoboro street,snow hill,and snow hill,hl road,snow hl road"
484,None
485,"greensboro road,old greensboro road,jones ferry,on jones ferry,ferry road,jones ferry road,bowden road,between bowden road,greensboro road,old greensboro road"
486,"wade avenue,between wade avenue,capital boulevard,and capital boulevard"
487,None
488,None
489,"detour island,short detour island,wade avenue,on wade avenue,capital boulevard,at capital boulevard"
490,"ramp bridge,b ridge,ramp b ridge,c lock,the c lock,on highway,#durham on highway,h way,on h way,miami boulevard,at miami boulevard"
491,"around-the-c lock,blocked around-the-c lock,green way,long-term green way,chapel hill,old chapel hill,hl road,chapel hl road"
492,"on highway,#johnstoncounty on highway,h way,on h way,and highway,eb and highway,h way,and h way"
493,"on- ramp,95 on- ramp,bagley road,and bagley road"
494,"glendon road,cty glendon road,w estate,nbsb w estate,we street,nbsb we street,of highway,west of highway,h way,of h way"
495,"coley road,alt: coley road,olive branch,on olive branch,b ranch,olive b ranch,branch road,olive branch road,carpen terrace,between carpen terrace,pond road,carpenter pond road,and highway,rd and highway,h way,and h way"
496,"durham-chapel hill,alt: durham-chapel hill,hill boulevard,durham-chapel hill boulevard,chapel hill,old chapel hill,hl road,chapel hl road,farrington road,between farrington road,garrett road,and garrett road"
497,None
498,"rig heights,accident rig heights,right lane,accident right lane,#morris ville,in #morris ville,hopson road,on hopson road,toll road,147 toll road"
499,"alt: highway,flooding: alt: highway,h way,alt: h way,on highway,#chathamcounty on highway,h way,on h way,old highway,the old highway,h way,old h way,and highway,nbsb and highway,h way,and h way"
500,"on highway,#pittsboro on highway,h way,on h way,between highway,nbsb between highway,h way,between h way,and highway,business and highway,h way,and h way,64 bypass,hwy 64 bypass"
501,None
502,"goodwin road,alt: goodwin road,infinity road,on infinity road,@high meadows,rd @high meadows,meadows road,@high meadows road,roxoboro street,between roxoboro street,snow hill,and snow hill,hl road,snow hl road"
503,"parker road,alt: parker road,on highway,#southjohnstoncounty on highway,h way,on h way,wellons road,between wellons road,raleigh road,and raleigh road"
504,"coley road,alt: coley road,olive branch,on olive branch,b ranch,olive b ranch,branch road,olive branch road,carpen terrace,between carpen terrace,pond road,carpenter pond road,and highway,rd and highway,h way,and h way"
505,"on highway,#chathamcounty:westofpittsboro on highway,h way,on h way,goldston road,pittsboro goldston road,cockman road,alex cockman road"
506,"on highway,#chathamcounty on highway,h way,on h way,old highway,the old highway,h way,old h way,and highway,nbsb and highway,h way,and h way"
507,"on highway,#pittsboro on highway,h way,on h way,between highway,nbsb between highway,h way,between h way,and highway,business and highway,h way,and h way,64 bypass,hwy 64 bypass"
508,"jones ferry,on jones ferry,ferry road,jones ferry road,greensboro road,old greensboro road,norwood road,lamont norwood road"
509,"greensboro road,old greensboro road,jones ferry,on jones ferry,ferry road,jones ferry road,bowden road,between bowden road,greensboro road,old greensboro road"
510,"russell road,alt: russell road,guess road,on guess road,cardens creek,between cardens creek,crk drive,cardens crk drive,marys road,saint marys road"
511,"around-the-c lock,closed around-the-c lock,alt: highway,construction: alt: highway,h way,alt: h way,cornwall island,on cornwall island,cornwallis road,on cornwallis road,between highway,ebwb between highway,h way,between h way,erwin road,and erwin road"
512,"snow hill,on snow hill,hl road,snow hl road,@torredge road,rd @torredge road"
513,"goodwin road,alt: goodwin road,infinity road,on infinity road,@high meadows,rd @high meadows,meadows road,@high meadows road,roxoboro street,between roxoboro street,snow hill,and snow hill,hl road,snow hl road"
514,"glendon road,cty glendon road,w estate,nbsb w estate,we street,nbsb we street,of highway,west of highway,h way,of h way"
515,"on highway,#durham on highway,h way,on h way,hope valley,between hope valley,vly road,hope vly road"
516,"around-the-c lock,closed around-the-c lock,pettigrew street,on pettigrew street,briggs avenue,between briggs avenue,fayette ville,and fayette ville,fayetteville street,and fayetteville street"
517,"woods crossroads,alt: woods crossroads,cross roads,woods cross roads,crossroads road,woods crossroads road,on highway,#southjohnstoncounty on highway,h way,on h way,between highway,nbsb between highway,h way,between h way"
518,"detour island,short detour island,wade avenue,on wade avenue,capital boulevard,at capital boulevard"
519,"ramp bridge,b ridge,ramp b ridge,c lock,the c lock,on highway,#durham on highway,h way,on h way,miami boulevard,at miami boulevard"
520,"around-the-c lock,blocked around-the-c lock,green way,long-term green way,chapel hill,old chapel hill,hl road,chapel hl road"
521,"on highway,#johnstoncounty on highway,h way,on h way,and highway,eb and highway,h way,and h way"
522,"on- ramp,95 on- ramp,bagley road,and bagley road"
523,"durham-chapel hill,alt: durham-chapel hill,hill boulevard,durham-chapel hill boulevard,chapel hill,old chapel hill,hl road,chapel hl road,farrington road,between farrington road,garrett road,and garrett road"
524,"chapel road,hodges chapel road,chicopee road,between chicopee road,and highway,rd and highway,h way,and h way"
525,"glendon road,cty glendon road,w estate,nbsb w estate,we street,nbsb we street,of highway,west of highway,h way,of h way"
526,"rogers road,alt: rogers road,old highway,on old highway,h way,old h way,eubanks road,between eubanks road,homestead road,and homestead road"
527,None
528,"alt: highway,flooding: alt: highway,h way,alt: h way,godwin lake,between godwin lake,lk road,godwin lk road,bear road,and bear road"
529,"corbett hill,between corbett hill,hl road,corbett hl road"
530,"air port,between air port,airport road,between airport road,mccaskill road,and mccaskill road"
531,"buckingham road,its buckingham road"
532,"woods crossroads,alt: woods crossroads,cross roads,woods cross roads,crossroads road,woods crossroads road,on highway,#southjohnstoncounty on highway,h way,on h way,between highway,nbsb between highway,h way,between h way"
533,None
534,"snow hill,on snow hill,hl road,snow hl road,@torredge road,rd @torredge road"
535,"elliott road,alt: elliott road,#chapel hill,in #chapel hill,estes drive,on estes drive,franklin street,between franklin street,fordham boulevard,and fordham boulevard"
536,"richardson road,closure: richardson road,curling creek,near curling creek,creek road,curling creek road"
537,"goodwin road,alt: goodwin road,infinity road,on infinity road,@high meadows,rd @high meadows,meadows road,@high meadows road,roxoboro street,between roxoboro street,snow hill,and snow hill,hl road,snow hl road"
538,"hadrian drive,btwn hadrian drive,fie station,& fie station,fiesta road,& fiesta road,mineral springs,on mineral springs,springs road,mineral springs road"
539,"university drive,alt: university drive,on highway,#durham on highway,h way,on h way,garrett road,between garrett road,chapel hill,durham chapel hill,hl boulevard,chapel hl boulevard"
540,"on highway,#durham on highway,h way,on h way,hope valley,between hope valley,vly road,hope vly road"
541,"alt: highway,road: alt: highway,h way,alt: h way,on highway,#johnstoncounty on highway,h way,on h way,earpsboro road,between earpsboro road,and highway,nbsb and highway,h way,and h way"
542,"corbett hill,between corbett hill,hl road,corbett hl road"
543,"rogers road,alt: rogers road,old highway,on old highway,h way,old h way,eubanks road,between eubanks road,homestead road,and homestead road"
544,"on highway,#durham on highway,h way,on h way,garrett road,between garrett road,chapel hill,durham chapel hill,hl boulevard,chapel hl boulevard"
545,"mineral springs,on mineral springs,springs road,mineral springs road,freeman road,between freeman road,stallings road,and stallings road"
546,"morris ville,alt: morris ville,morrisville parkway,alt: morrisville parkway,pk way,morrisville pk way,on green,#cary on green,w road,level w road,church road,oak church road,and green,rd and green,church road,level church road"
547,"sprague road,alt sprague road,exit ramp,85 exit ramp,cole mill,on cole mill,mill road,cole mill road,hillsborough road,between hillsborough road"
548,"clayton road,alt: clayton road,mineral springs,on mineral springs,springs road,mineral springs road,between highway,nbsb between highway,h way,between h way,freeman road,and freeman road"
549,None
550,"chapel road,hodges chapel road,chicopee road,between chicopee road,and highway,rd and highway,h way,and h way"
551,"glendon road,cty glendon road,w estate,nbsb w estate,we street,nbsb we street,of highway,west of highway,h way,of h way"
552,"pope road,alt: pope road,farrington road,on farrington road,church road,ephesus church road,chapel hill,old chapel hill,hl road,chapel hl road"
553,"durham-chapel hill,alt: durham-chapel hill,hill boulevard,durham-chapel hill boulevard,chapel hill,old chapel hill,hl road,chapel hl road,farrington road,between farrington road,garrett road,and garrett road"
554,"morris ville,alt: morris ville,morrisville parkway,alt: morrisville parkway,pk way,morrisville pk way,on green,#cary on green,w road,level w road,church road,oak church road,and green,rd and green,church road,level church road"
555,"sprague road,alt sprague road,cole mill,on cole mill,mill road,cole mill road,hillsborough road,between hillsborough road"
556,"alston avenue,alt: alston avenue,fayette ville,on fayette ville,fayetteville street,on fayetteville street,@pilot street,st @pilot street,burlington avenue,between burlington avenue,cornwall island,and cornwall island,cornwallis road,and cornwallis road"
557,"atlantic avenue,to atlantic avenue,capital boulevard,on capital boulevard,for estate,wake for estate,wake forest,near wake forest,fo rest,wake fo rest,fore street,wake fore street,forest road,wake forest road"
558,"rogers road,alt: rogers road,old highway,on old highway,h way,old h way,eubanks road,between eubanks road,homestead road,and homestead road"
559,"glenwood avenue,on glenwood avenue,mine road,lead mine road"
560,"b road,alt: b road,broad street,alt: broad street,hillan dale,on hillan dale,hillandale road,on hillandale road,sprunt avenue,& sprunt avenue,between club,ave between club,club boulevard,between club boulevard"
561,"atlantic avenue,to atlantic avenue,capital boulevard,on capital boulevard,for estate,wake for estate,wake forest,near wake forest,fo rest,wake fo rest,fore street,wake fore street,forest road,wake forest road"
562,"right- lane,on highway,#apexarea:westwakecounty on highway,h way,on h way,williams street,at williams street"
563,"thompson road,alt: thompson road,on highway,#fouroaks on highway,h way,on h way,thompson road,between thompson road,blackmon road,and blackmon road"
564,"woods crossroads,alt: woods crossroads,cross roads,woods cross roads,crossroads road,woods crossroads road,on highway,#southjohnstoncounty on highway,h way,on h way,between highway,nbsb between highway,h way,between h way"
565,"woods crossroads,alt: woods crossroads,cross roads,woods cross roads,crossroads road,woods crossroads road,on highway,#southjohnstoncounty on highway,h way,on h way,between highway,nbsb between highway,h way,between h way"
566,"alt: highway,flooding: alt: highway,h way,alt: h way,godwin lake,between godwin lake,lk road,godwin lk road,bear road,and bear road"
567,"coley road,alt: coley road,olive branch,on olive branch,b ranch,olive b ranch,branch road,olive branch road,nichols road,doc nichols road"
568,None
569,"corbett hill,between corbett hill,hl road,corbett hl road"
570,"mayna road,on mayna road,maynard road,on maynard road,chapel hill,between chapel hill,hl road,chapel hl road,house road,high house road"
571,"from highway,eb from highway,h way,from h way"
572,"detour island,short detour island,wade avenue,on wade avenue,capital boulevard,at capital boulevard"
573,"on highway,#johnstoncounty on highway,h way,on h way,and highway,eb and highway,h way,and h way"
574,"ramp bridge,b ridge,ramp b ridge,c lock,the c lock,on highway,#durham on highway,h way,on h way,miami boulevard,at miami boulevard"
575,"around-the-c lock,blocked around-the-c lock,green way,long-term green way,chapel hill,old chapel hill,hl road,chapel hl road"
576,"on- ramp,95 on- ramp,bagley road,and bagley road"
577,"around-the-c lock,closed around-the-c lock,pettigrew street,on pettigrew street,briggs avenue,between briggs avenue,fayette ville,and fayette ville,fayetteville street,and fayetteville street"
578,"air port,between air port,airport road,between airport road,mccaskill road,and mccaskill road"
579,None
580,"chapel road,hodges chapel road,chicopee road,between chicopee road,and highway,rd and highway,h way,and h way"
581,"western boulevard,at western boulevard"
582,"between highway,nbsb between highway,h way,between h way,and highway,15 and highway,h way,and h way,70 bypass,hwy 70 bypass"
583,"glendon road,cty glendon road,w estate,nbsb w estate,we street,nbsb we street,of highway,west of highway,h way,of h way"
584,"chapel hill,on chapel hill,hl road,chapel hl road"
585,"mayna road,on mayna road,maynard road,on maynard road,chapel hill,between chapel hill,hl road,chapel hl road,house road,high house road"
586,None
587,"on highway,#clayton:johnstoncounty on highway,h way,on h way"
588,"tractor- trailer,jacknifed tractor- trailer,on highway,#clayton:johnstoncounty on highway,h way,on h way"
589,None
590,None
591,"answer island,you answer island"
592,"gov island,closed roads,no closed roads"
593,"on highway,#wakecounty on highway,h way,on h way,tryon road,and tryon road"
594,"left- lane,the left- lane,on highway,#wakecounty on highway,h way,on h way,tryon road,and tryon road"
595,"mo street,through mo street,roc key,from roc key,rocky mount,from rocky mount"
596,"chapel road,hodges chapel road,chicopee road,between chicopee road,and highway,rd and highway,h way,and h way"
597,None
598,None
599,"around-the-c lock,closed around-the-c lock,pettigrew street,on pettigrew street,briggs avenue,between briggs avenue,fayette ville,and fayette ville,fayetteville street,and fayetteville street"
600,"wade-stedman road,between wade-stedman road"
601,"af terrace,eb af terrace,after lake,eb after lake,wheeler road,lk wheeler road"
602,"parkertown road,near parkertown road"
603,"between highway,nbsb between highway,h way,between h way,and highway,15 and highway,h way,and h way,70 bypass,hwy 70 bypass"
604,"banks road,on banks road,brown road,fanny brown road"
605,"chapel hill,on chapel hill,hl road,chapel hl road"
606,"mayna road,on mayna road,maynard road,on maynard road,chapel hill,between chapel hill,hl road,chapel hl road,house road,high house road"
607,"rig heights,accident rig heights,right lane,accident right lane,#wakefor estate,in #wakefor estate,#wake forest,in #wake forest,#wakefo rest,in #wakefo rest,#wakefore street,in #wakefore street"
608,"rig heights,accident rig heights,right lane,accident right lane,#wakefor estate,in #wakefor estate,#wake forest,in #wake forest,#wakefo rest,in #wakefo rest,#wakefore street,in #wakefore street,capital boulevard,- capital boulevard"
609,"sausage road,jones sausage road,at highway,sb at highway,h way,at h way"
610,"oak road,white oak road,timber drive,between timber drive,and highway,dr and highway,h way,and h way"
611,"exit ramp,between highway,wb between highway,h way,between h way,and highway,274 and highway,h way,and h way"
612,"wade-stedman road,between wade-stedman road"
613,"long branch,between long branch,b ranch,long b ranch,branch road,long branch road,long branch,and long branch,b ranch,long b ranch,branch road,long branch road"
614,"long branch,at long branch,b ranch,long b ranch,branch road,long branch road"
615,"banks road,on banks road,brown road,fanny brown road"
616,"around-the-c lock,closed around-the-c lock,pettigrew street,on pettigrew street,briggs avenue,between briggs avenue,fayette ville,and fayette ville,fayetteville street,and fayetteville street"
617,"creedmoor road,old creedmoor road,creedmoor road,on creedmoor road,norwood road,and norwood road"
618,"creedmoor road,on creedmoor road,creedmoor road,old creedmoor road"
619,"capital boulevard,alt: capital boulevard,#wakefor estate,in #wakefor estate,#wake forest,in #wake forest,#wakefo rest,in #wakefo rest,#wakefore street,in #wakefore street,main street,on main street,ligon mill,between ligon mill,mill road,ligon mill road,capital boulevard,and capital boulevard"
620,"stephenson road,road: stephenson road,penny road,& penny road,pond road,graham pond road"
621,"chatham street,alt: chatham street,williams street,on williams street,hughes street,between hughes street,salem street,and salem street"
622,"alt: highway,road: alt: highway,h way,alt: h way,brogden road,on brogden road,chapel road,stevens chapel road"
623,"johnson road,lines: johnson road,meadow brook,& meadow brook,meadowbrook road,& meadowbrook road"
624,benson-hardee road
625,"chatham street,alt: chatham street,williams street,on williams street,hughes street,between hughes street,salem street,and salem street"
626,"raleigh boulevard,on raleigh boulevard,crabtree boulevard,between crabtree boulevard,yonkers road,and yonkers road"
627,"creedmoor road,old creedmoor road,creedmoor road,on creedmoor road,norwood road,and norwood road"
628,"williams street,e williams street,peak way,apex peak way,salem street,and salem street"
629,"road way,on road way,creedmoor road,on creedmoor road,creedmoor road,old creedmoor road,weaver trail,old weaver trail"
630,"detour island,short detour island,wade avenue,on wade avenue,capital boulevard,at capital boulevard"
631,"around-the-c lock,closed around-the-c lock,pettigrew street,on pettigrew street,briggs avenue,between briggs avenue,fayette ville,and fayette ville,fayetteville street,and fayetteville street"
632,"near highway,eb near highway,h way,near h way"
633,"detour island,short detour island,wade avenue,on wade avenue,capital boulevard,at capital boulevard"
634,"on highway,#wakecounty on highway,h way,on h way,smith field,between smith field,smithfield road,between smithfield road,b lock,wreck b lock"
635,"left- lane,the left- lane,on highway,#eastwakecounty on highway,h way,on h way"
636,"around-the-c lock,closed around-the-c lock,pettigrew street,on pettigrew street,briggs avenue,between briggs avenue,fayette ville,and fayette ville,fayetteville street,and fayetteville street"
637,"detour island,short detour island,wade avenue,on wade avenue,capital boulevard,at capital boulevard"
638,"on highway,#wakecounty on highway,h way,on h way,cary parkway,and cary parkway,pk way,cary pk way,left- lane,the left- lane"
639,"around-the-c lock,closed around-the-c lock,pettigrew street,on pettigrew street,briggs avenue,between briggs avenue,fayette ville,and fayette ville,fayetteville street,and fayetteville street"
640,"7:04pm expressway,9192018 7:04pm expressway"
641,"r heights,exit98 r heights,rht lane,exit98 rht lane"
642,"us378-con way,btwn us378-con way,sc544-con way,& sc544-con way,r heights,sc544-conway r heights,rht lane,sc544-conway rht lane"
643,"us378-con way,btwn us378-con way,sc544-con way,& sc544-con way,r heights,sc544-conway r heights,rht lane,sc544-conway rht lane"
644,"cox ferry,btwn cox ferry,rd-con way,ferry rd-con way,us378-con way,& us378-con way,l fort,us378-conway l fort,lft lane,us378-conway lft lane"
645,"r heights,exit135 r heights,rht lane,exit135 rht lane"
646,None
647,None
648,"r heights,exit170 r heights,rht lane,exit170 rht lane"
649,None
650,"l fort,exit181a l fort,lft lane,exit181a lft lane"
651,None
652,"l fort,sc905 l fort,lft lane,sc905 lft lane"
653,"l fort,exit170 l fort,lft lane,exit170 lft lane"
654,"l fort,exit170 l fort,lft lane,exit170 lft lane"
655,"us378-con way,at us378-con way,r heights,us378-conway r heights,rht lane,us378-conway rht lane"
656,"l fort,exit135 l fort,lft lane,exit135 lft lane"
657,"sc544-myrtle beach,at sc544-myrtle beach"
658,"at garden,nb: at garden,conn-indigo club,city conn-indigo club,club drive,conn-indigo club drive,r heights,dr r heights,rht lane,dr rht lane"
659,"at river,sb: at river,pkwy-myrtle beach,bishop pkwy-myrtle beach"
660,"us378-con way,at us378-con way,r heights,us378-conway r heights,rht lane,us378-conway rht lane"
661,"us378-con way,at us378-con way,r heights,us378-conway r heights,rht lane,us378-conway rht lane"
662,"us378-con way,at us378-con way,r heights,us378-conway r heights,rht lane,us378-conway rht lane"
663,"sc22-con way,at sc22-con way,bypass-veterans highway,sc22-conway bypass-veterans highway,h way,bypass-veterans h way"
664,"sc22-con way,at sc22-con way,bypass-veterans highway,sc22-conway bypass-veterans highway,h way,bypass-veterans h way,11:29pm expressway,ocrd: 11:29pm expressway"
665,"sc22-con way,at sc22-con way,bypass-veterans highway,sc22-conway bypass-veterans highway,h way,bypass-veterans h way"
666,"sc22-con way,at sc22-con way,bypass-veterans highway,sc22-conway bypass-veterans highway,h way,bypass-veterans h way,r heights,2 r heights"
667,"sc22-con way,btwn sc22-con way,bypass-veterans highway,sc22-conway bypass-veterans highway,h way,bypass-veterans h way,sc544-con way,& sc544-con way"
668,"11:38am expressway,from: 11:38am expressway"
669,None
670,"us378-con way,btwn us378-con way,waccamaw river,& waccamaw river,river bridge,waccamaw river bridge,b ridge,river b ridge,r heights,bridge r heights,rht lane,bridge rht lane"
671,"us378-con way,btwn us378-con way,waccamaw river,& waccamaw river,river bridge,waccamaw river bridge,b ridge,river b ridge"
672,"waccamaw river,btwn waccamaw river,river bridge,waccamaw river bridge,b ridge,river b ridge,us378-con way,& us378-con way,r heights,us378-conway r heights,rht lane,us378-conway rht lane"
673,"us701-con way,btwn us701-con way,waccamaw river,& waccamaw river,river bridge,waccamaw river bridge,b ridge,river b ridge"
674,"us701-con way,btwn us701-con way,waccamaw river,& waccamaw river,river bridge,waccamaw river bridge,b ridge,river b ridge,r heights,bridge r heights,rht lane,bridge rht lane"
675,"us701-con way,btwn us701-con way,waccamaw river,& waccamaw river,river bridge,waccamaw river bridge,b ridge,river b ridge,r heights,bridge r heights,rht lane,bridge rht lane"
676,"road way,on road way,5:47pm expressway,ocrd: 5:47pm expressway"
677,"road way,on road way"
678,"road way,on road way,4:58pm expressway,ocrd: 4:58pm expressway"
679,"road way,on road way,3:08pm expressway,ocrd: 3:08pm expressway"
680,"road way,on road way"
681,"road way,on road way"
682,"road way,on road way"
683,"road way,on road way,l fort,exit108 l fort,lft lane,exit108 lft lane"
684,"road way,on road way"
685,"road way,on road way,l fort,exit181a l fort,lft lane,exit181a lft lane"
686,"road way,on road way"
687,"road way,on road way,l fort,exit116 l fort,lft lane,exit116 lft lane"
688,"road way,on road way"
689,"road way,on road way,l fort,exit190 l fort,lft lane,exit190 lft lane"
690,"road way,on road way,us501-myrtle beach,at us501-myrtle beach,r heights,beach r heights,rht lane,beach rht lane,12:04am expressway,ocrd: 12:04am expressway"
691,"road way,on road way,us501-myrtle beach,at us501-myrtle beach,r heights,beach r heights,rht lane,beach rht lane"
692,"road way,on road way,us501-myrtle beach,at us501-myrtle beach"
693,"10:41am expressway,9122018 10:41am expressway"
694,None
695,None
696,None
697,None
698,"10:22am expressway,ocrd: 10:22am expressway"
699,None
700,"r heights,exit160a r heights,rht lane,exit160a rht lane"
701,"l fort,exit164 l fort,lft lane,exit164 lft lane"
702,"l fort,2 l fort"
703,None
704,"nc street,& nc street,r heights,line r heights,rht lane,line rht lane"
705,None
706,"l fort,exit66 l fort,lft lane,exit66 lft lane"
707,None
708,"l fort,exit56 l fort,lft lane,exit56 lft lane"
709,None
710,"l fort,exit57 l fort,lft lane,exit57 lft lane"
711,"l fort,2 l fort"
712,"l fort,exit57 l fort,lft lane,exit57 lft lane"
713,None
714,None
715,"r heights,exit87 r heights,rht lane,exit87 rht lane"
716,None
717,"r heights,exit19 r heights,rht lane,exit19 rht lane"
718,"82a82b82c-us21sc161-rock hill,exits 82a82b82c-us21sc161-rock hill,l fort,hill l fort,lft lane,hill lft lane"
719,"r heights,exit87 r heights,rht lane,exit87 rht lane"
720,"rd-green ville,51a-sc146-woodruff rd-green ville,r heights,2 r heights"
721,"rd-green ville,51a-sc146-woodruff rd-green ville,l fort,2 l fort"
722,"l fort,exit90 l fort,lft lane,exit90 lft lane"
723,"l fort,exit90 l fort,lft lane,exit90 lft lane"
724,"l fort,exit90 l fort,lft lane,exit90 lft lane"
725,None
726,"51b-i385s-green ville,exit 51b-i385s-green ville,rd-green ville,51a-sc146-woodruff rd-green ville"
727,"rd-green ville,51a-sc146-woodruff rd-green ville,r heights,rd-greenville r heights,rht lane,rd-greenville rht lane"
728,"rd-green ville,51a-sc146-woodruff rd-green ville,l fort,exit54 l fort,lft lane,exit54 lft lane"
729,"r heights,2 r heights"
730,"r heights,exit1 r heights,rht lane,exit1 rht lane"
731,"r heights,exit32 r heights,rht lane,exit32 rht lane"
732,"l fort,exit39 l fort,lft lane,exit39 lft lane"
733,"l fort,exit60 l fort,lft lane,exit60 lft lane"
734,"at road,nb: at road,rd-spartan burg,191-bryant rd-spartan burg,l fort,2 l fort"
735,None
736,None
737,"r heights,exit80 r heights,rht lane,exit80 rht lane"
738,"r heights,exit44 r heights,rht lane,exit44 rht lane"
739,"r heights,exit16 r heights,rht lane,exit16 rht lane"
740,"rd-green ville,51a-sc146-woodruff rd-green ville"
741,"l fort,exit57 l fort,lft lane,exit57 lft lane"
742,"rd-green ville,51a-sc146-woodruff rd-green ville,l fort,2 l fort"
743,None
744,"l fort,2 l fort"
745,"rd-green ville,51a-sc146-woodruff rd-green ville,l fort,2 l fort"
746,"r heights,exit1 r heights,rht lane,exit1 rht lane"
747,"rd-green ville,51a-sc146-woodruff rd-green ville,l fort,2 l fort"
748,"r heights,exit95 r heights,rht lane,exit95 rht lane"
749,"l fort,exit95 l fort,lft lane,exit95 lft lane"
750,"rd-green ville,51a-sc146-woodruff rd-green ville,l fort,2 l fort"
751,None
752,"l fort,2 l fort"
753,"rd-green ville,51a-sc146-woodruff rd-green ville,l fort,rd-greenville l fort,lft lane,rd-greenville lft lane"
754,"51c-i385n-green ville,exit 51c-i385n-green ville"
755,"rd-green ville,51a-sc146-woodruff rd-green ville,l fort,exit54 l fort,lft lane,exit54 lft lane"
756,"l fort,exit37 l fort,lft lane,exit37 lft lane"
757,"r heights,exit83 r heights,rht lane,exit83 rht lane"
758,"r heights,exit1 r heights,rht lane,exit1 rht lane"
759,"r heights,2 r heights"
760,"r heights,exit83 r heights,rht lane,exit83 rht lane"
761,"l fort,exit69 l fort,lft lane,exit69 lft lane"
762,"r heights,i385-clinton r heights,rht lane,i385-clinton rht lane"
763,None
764,"r heights,exit87 r heights,rht lane,exit87 rht lane"
765,"l fort,exit16 l fort,lft lane,exit16 lft lane"
766,None
767,"rd-green ville,51a-sc146-woodruff rd-green ville"
768,"nc street,at nc street,r heights,2 r heights"
769,"nc street,at nc street"
770,"nc street,at nc street,r heights,line r heights,rht lane,line rht lane"
771,"r heights,exit90 r heights,rht lane,exit90 rht lane"
772,None
773,None
774,"51c-i385n-green ville,exit 51c-i385n-green ville,l fort,51c-i385n-greenville l fort,lft lane,51c-i385n-greenville lft lane"
775,"51c-i385n-green ville,exit 51c-i385n-green ville"
776,None
777,"51c-i385n-green ville,exit 51c-i385n-green ville,l fort,51c-i385n-greenville l fort,lft lane,51c-i385n-greenville lft lane"
778,"l fort,exit54 l fort,lft lane,exit54 lft lane"
779,"r heights,exit77 r heights,rht lane,exit77 rht lane"
780,"r heights,i385-clinton r heights,rht lane,i385-clinton rht lane"
781,"l fort,exit19b l fort,lft lane,exit19b lft lane"
782,"r heights,exit11 r heights,rht lane,exit11 rht lane"
783,None
784,"r heights,exit95 r heights,rht lane,exit95 rht lane"
785,"r heights,i385-clinton r heights,rht lane,i385-clinton rht lane"
786,"r heights,exit87 r heights,rht lane,exit87 rht lane"
787,None
788,None
789,None
790,"r heights,exit90 r heights,rht lane,exit90 rht lane"
791,"r heights,exit37 r heights,rht lane,exit37 rht lane"
792,"r heights,2 r heights"
793,"r heights,exit11 r heights,rht lane,exit11 rht lane"
794,"l fort,exit4 l fort,lft lane,exit4 lft lane"
795,"l fort,i385-clinton l fort,lft lane,i385-clinton lft lane"
796,None
797,None
798,"r heights,2 r heights"
799,"rd-green ville,51a-sc146-woodruff rd-green ville,r heights,rd-greenville r heights,rht lane,rd-greenville rht lane"
800,"3:32pm expressway,ocrd: 3:32pm expressway"
801,None
802,"1:54pm expressway,from: 1:54pm expressway"
803,"r heights,exit2a r heights,rht lane,exit2a rht lane"
804,"road way,on road way"
805,None
806,None
807,"r heights,exit58 r heights,rht lane,exit58 rht lane"
808,"road way,on road way,r heights,exit35 r heights,rht lane,exit35 rht lane"
809,None
810,"12:10pm expressway,from: 12:10pm expressway"
811,"11:54am expressway,ocrd: 11:54am expressway"
812,"l fort,exit77 l fort,lft lane,exit77 lft lane"
813,None
814,None
815,None
816,"l fort,2 l fort"
817,None
818,"r heights,exit39 r heights,rht lane,exit39 rht lane"
819,"rd-green ville,51a-sc146-woodruff rd-green ville"
820,"rd-green ville,51a-sc146-woodruff rd-green ville,r heights,rd-greenville r heights,rht lane,rd-greenville rht lane"
821,"r heights,exit63 r heights,rht lane,exit63 rht lane"
822,"road way,on road way"
823,"rd-green ville,51a-sc146-woodruff rd-green ville,4:12pm expressway,ocrd: 4:12pm expressway"
824,"rd-green ville,51a-sc146-woodruff rd-green ville"
825,"5:47pm expressway,ocrd: 5:47pm expressway"
826,None
827,"l fort,exit56 l fort,lft lane,exit56 lft lane"
828,None
829,"r heights,exit35 r heights,rht lane,exit35 rht lane"
830,"r heights,exit35 r heights,rht lane,exit35 rht lane,5:27pm expressway,ocrd: 5:27pm expressway"
831,"r heights,exit35 r heights,rht lane,exit35 rht lane"
832,"46a46b46c-sc291-augu station,exits 46a46b46c-sc291-augu station,rd-green ville,rdmauldin rd-green ville,mid lane,rd-greenville mid lane"
833,"rd-green ville,51a-sc146-woodruff rd-green ville,r heights,rd-greenville r heights,rht lane,rd-greenville rht lane"
834,"r heights,exit35 r heights,rht lane,exit35 rht lane,11:47am expressway,ocrd: 11:47am expressway"
835,"r heights,exit35 r heights,rht lane,exit35 rht lane"
836,"rd-green ville,51a-sc146-woodruff rd-green ville"
837,None
838,"l fort,exit36a l fort,lft lane,exit36a lft lane"
839,"rd-green ville,51a-sc146-woodruff rd-green ville,l fort,2 l fort"
840,"rd-green ville,51a-sc146-woodruff rd-green ville,l fort,rd-greenville l fort,lft lane,rd-greenville lft lane"
841,"r heights,2 r heights"
842,"mid lane,exit35 mid lane"
843,None
844,"r heights,exit1 r heights,rht lane,exit1 rht lane"
845,None
846,"r heights,exit1 r heights,rht lane,exit1 rht lane"
847,None
848,"8:33am expressway,ocrd: 8:33am expressway"
849,"9:45am expressway,ocrd: 9:45am expressway"
850,None
851,None
852,"l fort,exit70 l fort,lft lane,exit70 lft lane"
853,"r heights,exit63 r heights,rht lane,exit63 rht lane"
854,"r heights,2 r heights"
855,"7:51am expressway,ocrd: 7:51am expressway"
856,None
857,"r heights,exit63 r heights,rht lane,exit63 rht lane"
858,None
859,"rd-green ville,51a-sc146-woodruff rd-green ville,7:53am expressway,from: 7:53am expressway"
860,"l fort,exit63 l fort,lft lane,exit63 lft lane"
861,"l fort,exit16 l fort,lft lane,exit16 lft lane"
862,"l fort,exit54 l fort,lft lane,exit54 lft lane,7:36am expressway,ocrd: 7:36am expressway"
863,"l fort,exit104 l fort,lft lane,exit104 lft lane"
864,"l fort,exit92 l fort,lft lane,exit92 lft lane"
865,"l fort,exit87 l fort,lft lane,exit87 lft lane"
866,None
867,None
868,"l fort,exit87 l fort,lft lane,exit87 lft lane"
869,"l fort,exit104 l fort,lft lane,exit104 lft lane"
870,"r heights,exit88 r heights,rht lane,exit88 rht lane"
871,"l fort,exit22 l fort,lft lane,exit22 lft lane"
872,"l fort,exit10 l fort,lft lane,exit10 lft lane"
873,None
874,None
875,"mid lane,i126-columbia mid lane"
876,None
877,"road way,on road way"
878,None
879,"l fort,florence-columbia l fort,lft lane,florence-columbia lft lane"
880,"l fort,florence-columbia l fort,lft lane,florence-columbia lft lane"
881,None
882,"l fort,exit5 l fort,lft lane,exit5 lft lane"
883,"r heights,exit5 r heights,rht lane,exit5 rht lane"
884,None
885,"l fort,exit16 l fort,lft lane,exit16 lft lane"
886,None
887,"l fort,exit92 l fort,lft lane,exit92 lft lane"
888,"l fort,exit19 l fort,lft lane,exit19 lft lane"
889,None
890,"r heights,exit19 r heights,rht lane,exit19 rht lane"
891,"r heights,exit19 r heights,rht lane,exit19 rht lane"
892,"r heights,i126-columbia r heights,rht lane,i126-columbia rht lane"
893,"r heights,2 r heights"
894,"l fort,exit101a l fort,lft lane,exit101a lft lane"
895,"r heights,2 r heights"
896,"l fort,2 l fort"
897,"r heights,2 r heights"
898,"l fort,exit55 l fort,lft lane,exit55 lft lane"
899,"l fort,2 l fort"
900,None
901,"l fort,exit12 l fort,lft lane,exit12 lft lane"
902,"avehuger street,freeway-elwood avehuger street,l fort,st l fort,lft lane,st lft lane"
903,None
904,None
905,"r heights,i126-columbia r heights,rht lane,i126-columbia rht lane"
906,"r heights,exit19 r heights,rht lane,exit19 rht lane"
907,"r heights,exit48 r heights,rht lane,exit48 rht lane"
908,"r heights,exit16 r heights,rht lane,exit16 rht lane"
909,"r heights,exit16 r heights,rht lane,exit16 rht lane"
910,None
911,"r heights,exit16 r heights,rht lane,exit16 rht lane"
912,"l fort,exit65 l fort,lft lane,exit65 lft lane"
913,"road way,on road way"
914,"road way,on road way,r heights,exit55 r heights,rht lane,exit55 rht lane"
915,None
916,"road way,on road way,r heights,exit5 r heights,rht lane,exit5 rht lane"
917,None
918,None
919,"r heights,exit17 r heights,rht lane,exit17 rht lane"
920,"l fort,exit46 l fort,lft lane,exit46 lft lane"
921,None
922,"l fort,exit19 l fort,lft lane,exit19 lft lane"
923,"r heights,exit16 r heights,rht lane,exit16 rht lane"
924,"r heights,exit91 r heights,rht lane,exit91 rht lane"
925,"l fort,2 l fort"
926,"avehuger street,freeway-elwood avehuger street,l fort,st l fort,lft lane,st lft lane"
927,"l fort,2 l fort"
928,"r heights,2 r heights"
929,"l fort,2 l fort"
930,"l fort,2 l fort"
931,"r heights,exit58 r heights,rht lane,exit58 rht lane"
932,"l fort,exit15a l fort,lft lane,exit15a lft lane"
933,"l fort,exit55 l fort,lft lane,exit55 lft lane"
934,"r heights,exit108a r heights,rht lane,exit108a rht lane"
935,None
936,"l fort,exit12 l fort,lft lane,exit12 lft lane"
937,None
938,None
939,"l fort,exit19 l fort,lft lane,exit19 lft lane"
940,"r heights,exit2 r heights,rht lane,exit2 rht lane"
941,"l fort,exit12 l fort,lft lane,exit12 lft lane"
942,None
943,None
944,"avehuger street,freeway-elwood avehuger street,r heights,st r heights,rht lane,st rht lane"
945,None
946,"r heights,exit19 r heights,rht lane,exit19 rht lane"
947,"r heights,exit106 r heights,rht lane,exit106 rht lane"
948,"r heights,exit16 r heights,rht lane,exit16 rht lane"
949,None
950,"r heights,2 r heights"
951,"r heights,exit106 r heights,rht lane,exit106 rht lane"
952,"r heights,exit17 r heights,rht lane,exit17 rht lane"
953,None
954,None
955,None
956,"l fort,exit65 l fort,lft lane,exit65 lft lane"
957,None
958,"l fort,2 l fort"
959,"l fort,exit17 l fort,lft lane,exit17 lft lane"
960,None
961,"l fort,exit63 l fort,lft lane,exit63 lft lane"
962,None
963,"r heights,2 r heights"
964,None
965,None
966,"l fort,exit97 l fort,lft lane,exit97 lft lane"
967,None
968,"road way,on road way,r heights,exit85 r heights,rht lane,exit85 rht lane"
969,None
970,"l fort,exit51 l fort,lft lane,exit51 lft lane"
971,"l fort,2 l fort"
972,"6:39pm expressway,ocrd: 6:39pm expressway"
973,"4:24pm expressway,from: 4:24pm expressway"
974,None
975,"l fort,exit111a l fort,lft lane,exit111a lft lane"
976,"l fort,exit113 l fort,lft lane,exit113 lft lane"
977,"3:32pm expressway,ocrd: 3:32pm expressway"
978,None
979,"3:38pm expressway,ocrd: 3:38pm expressway"
980,None
981,"l fort,2 l fort"
982,None
983,None
984,None
985,"1:07pm expressway,ocrd: 1:07pm expressway"
986,None
987,None
988,None
989,"r heights,exit104 r heights,rht lane,exit104 rht lane"
990,"r heights,exit106 r heights,rht lane,exit106 rht lane"
991,None
992,None
993,"road way,on road way,9:36am expressway,ocrd: 9:36am expressway"
994,None
995,"road way,on road way,r heights,exit27 r heights,rht lane,exit27 rht lane"
996,"l fort,exit58 l fort,lft lane,exit58 lft lane"
997,"2:56am expressway,ocrd: 2:56am expressway"
998,None
999,"l fort,florence-columbia l fort,lft lane,florence-columbia lft lane"
1000,None
1001,"l fort,exit97 l fort,lft lane,exit97 lft lane"
1002,None
1003,"r heights,exit97 r heights,rht lane,exit97 rht lane"
1004,None
1005,"l fort,exit97 l fort,lft lane,exit97 lft lane"
1006,"11:09pm expressway,ocrd: 11:09pm expressway"
1007,None
1008,"l fort,exit34 l fort,lft lane,exit34 lft lane"
1009,None
1010,"road way,on road way,r heights,exit82 r heights,rht lane,exit82 rht lane,9:52pm expressway,ocrd: 9:52pm expressway"
1011,"road way,on road way,r heights,exit82 r heights,rht lane,exit82 rht lane"
1012,"r heights,exit19 r heights,rht lane,exit19 rht lane"
1013,"4:37pm expressway,ocrd: 4:37pm expressway"
1014,None
1015,"l fort,exit111b l fort,lft lane,exit111b lft lane"
1016,"3:32pm expressway,ocrd: 3:32pm expressway"
1017,None
1018,"l fort,exit129 l fort,lft lane,exit129 lft lane"
1019,None
1020,"r heights,exit111b r heights,rht lane,exit111b rht lane"
1021,"road way,on road way,l fort,2 l fort"
1022,"road way,on road way,l fort,exit80 l fort,lft lane,exit80 lft lane"
1023,None
1024,"road way,on road way,l fort,exit6b l fort,lft lane,exit6b lft lane"
1025,None
1026,"l fort,exit110 l fort,lft lane,exit110 lft lane"
1027,"road way,on road way,mid lane,exit2 mid lane"
1028,"8:39am expressway,ocrd: 8:39am expressway"
1029,"road way,on road way"
1030,None
1031,"11:50pm expressway,ocrd: 11:50pm expressway"
1032,None
1033,"r heights,exit97 r heights,rht lane,exit97 rht lane,8:16pm expressway,ocrd: 8:16pm expressway"
1034,"r heights,exit97 r heights,rht lane,exit97 rht lane"
1035,None
1036,None
1037,"ga street,& ga street,3:49pm expressway,from: 3:49pm expressway"
1038,"ga street,& ga street"
1039,None
1040,None
1041,None
1042,"1:33pm expressway,from: 1:33pm expressway"
1043,"l fort,exit101a l fort,lft lane,exit101a lft lane"
1044,None
1045,"r heights,exit17 r heights,rht lane,exit17 rht lane"
1046,"r heights,exit17 r heights,rht lane,exit17 rht lane"
1047,None
1048,None
1049,None
1050,None
1051,None
1052,None
1053,"l fort,2 l fort"
1054,None
1055,None
1056,None
1057,None
1058,"l fort,2 l fort"
1059,"l fort,exit68 l fort,lft lane,exit68 lft lane"
1060,"ga street,& ga street,8:59am expressway,from: 8:59am expressway"
1061,"ga street,& ga street"
1062,"4:30pm expressway,from: 4:30pm expressway"
1063,"junior bridge,ravenel junior bridge,b ridge,junior b ridge,l fort,bridge l fort,lft lane,bridge lft lane"
1064,"l fort,2 l fort"
1065,"l fort,exit211 l fort,lft lane,exit211 lft lane"
1066,"r heights,exit20 r heights,rht lane,exit20 rht lane"
1067,None
1068,None
1069,"junior bridge,ravenel junior bridge,b ridge,junior b ridge,r heights,bridge r heights,rht lane,bridge rht lane"
1070,None
1071,"l fort,exit20 l fort,lft lane,exit20 lft lane"
1072,"r heights,exit20 r heights,rht lane,exit20 rht lane"
1073,"r heights,exit98 r heights,rht lane,exit98 rht lane"
1074,"l fort,2 l fort"
1075,"l fort,exit101a l fort,lft lane,exit101a lft lane"
1076,"l fort,exit22 l fort,lft lane,exit22 lft lane"
1077,"l fort,exit18 l fort,lft lane,exit18 lft lane"
1078,None
1079,"r heights,2 r heights"
1080,None
1081,"l fort,2 l fort"
1082,"l fort,exit209 l fort,lft lane,exit209 lft lane"
1083,"l fort,2 l fort"
1084,None
1085,"l fort,exit211 l fort,lft lane,exit211 lft lane"
1086,None
1087,None
1088,"l fort,exit20 l fort,lft lane,exit20 lft lane"
1089,"l fort,exit20 l fort,lft lane,exit20 lft lane"
1090,"l fort,2 l fort"
1091,"l fort,exit211 l fort,lft lane,exit211 lft lane"
1092,"l fort,exit212b l fort,lft lane,exit212b lft lane"
1093,"r heights,exit18 r heights,rht lane,exit18 rht lane"
1094,None
1095,"l fort,exit8 l fort,lft lane,exit8 lft lane"
1096,None
1097,None
1098,"l fort,exit33 l fort,lft lane,exit33 lft lane"
1099,"r heights,exit20 r heights,rht lane,exit20 rht lane"
1100,None
1101,"r heights,exit215 r heights,rht lane,exit215 rht lane"
1102,None
1103,"r heights,exit20 r heights,rht lane,exit20 rht lane"
1104,"r heights,exit20 r heights,rht lane,exit20 rht lane"
1105,"r heights,exit20 r heights,rht lane,exit20 rht lane"
1106,None
1107,"r heights,exit11b r heights,rht lane,exit11b rht lane"
1108,None
1109,None
1110,"r heights,exit20 r heights,rht lane,exit20 rht lane"
1111,None
1112,None
1113,None
1114,None
1115,"l fort,exit217 l fort,lft lane,exit217 lft lane"
1116,None
1117,None
1118,None
1119,"l fort,2 l fort"
1120,"3:52pm expressway,from: 3:52pm expressway"
1121,"l fort,exit154a l fort,lft lane,exit154a lft lane"
1122,"r heights,exit154a r heights,rht lane,exit154a rht lane"
1123,"4:24pm expressway,from: 4:24pm expressway"
1124,"3:45pm expressway,from: 3:45pm expressway"
1125,None
1126,None
1127,"3:31pm expressway,from: 3:31pm expressway"
1128,None
1129,None
1130,None
1131,None
1132,None
1133,None
1134,None
1135,"update: road,l fort,exit215 l fort,lft lane,exit215 lft lane"
1136,None
1137,"11:58am expressway,ocrd: 11:58am expressway"
1138,"12:21pm expressway,from: 12:21pm expressway"
1139,None
1140,None
1141,"12:21pm expressway,from: 12:21pm expressway"
1142,"ga street,of ga street"
1143,None
1144,"ga street,of ga street"
1145,None
1146,"update: road,l fort,exit215 l fort,lft lane,exit215 lft lane"
1147,"l fort,exit215 l fort,lft lane,exit215 lft lane"
1148,"3:24am expressway,ocrd: 3:24am expressway"
1149,None
1150,"3:24am expressway,ocrd: 3:24am expressway"
1151,"3:24am expressway,ocrd: 3:24am expressway"
1152,"3:51am expressway,from: 3:51am expressway"
1153,None
1154,None
1155,None
1156,"l fort,exit212b l fort,lft lane,exit212b lft lane"
1157,"l fort,2 l fort"
1158,"3:27pm expressway,9142018 3:27pm expressway"
1159,"5:11pm expressway,ocrd: 5:11pm expressway"
1160,None
1161,"3:32pm expressway,ocrd: 3:32pm expressway"
1162,None
1163,"l fort,exit129 l fort,lft lane,exit129 lft lane"
1164,None
1165,None
1166,None
1167,"l fort,exit42 l fort,lft lane,exit42 lft lane,12:05pm expressway,ocrd: 12:05pm expressway"
1168,"r heights,exit219a r heights,rht lane,exit219a rht lane"
1169,"l fort,exit42 l fort,lft lane,exit42 lft lane"
1170,"road way,on road way,r heights,exit187 r heights,rht lane,exit187 rht lane,6:01am expressway,ocrd: 6:01am expressway"
1171,"road way,on road way,r heights,exit187 r heights,rht lane,exit187 rht lane"
1172,"3:21am expressway,from: 3:21am expressway"
1173,None
1174,"road way,on road way"
1175,"road way,on road way"
1176,None
1177,None
1178,None
1179,"junior bridge,ravenel junior bridge,b ridge,junior b ridge"
1180,None
1181,None
1182,"junior bridge,ravenel junior bridge,b ridge,junior b ridge"
1183,None
1184,"junior bridge,ravenel junior bridge,b ridge,junior b ridge,r heights,bridge r heights,rht lane,bridge rht lane"
1185,"junior bridge,ravenel junior bridge,b ridge,junior b ridge,r heights,bridge r heights,rht lane,bridge rht lane"
1186,"ga street,of ga street"
1187,"r heights,exit23a r heights,rht lane,exit23a rht lane"
1188,"ga street,of ga street"
1189,"ga street,of ga street"
1190,"l fort,exit23a l fort,lft lane,exit23a lft lane"
1191,"r heights,exit98 r heights,rht lane,exit98 rht lane"
1192,"ga street,of ga street"
1193,"l fort,exit23a l fort,lft lane,exit23a lft lane"
1194,None
1195,"l fort,exit5 l fort,lft lane,exit5 lft lane"
1196,None
1197,"r heights,exit28 r heights,rht lane,exit28 rht lane"
1198,"8:12am expressway,ocrd: 8:12am expressway"
1199,None
1200,"5:56pm expressway,from: 5:56pm expressway"
