,exit_list
0,None
1,None
2,None
3,None
4,None
5,None
6,None
7,None
8,None
9,None
10,None
11,None
12,None
13,None
14,None
15,None
16,None
17,None
18,None
19,None
20,None
21,None
22,None
23,None
24,None
25,None
26,None
27,None
28,None
29,None
30,None
31,None
32,None
33,None
34,None
35,None
36,None
37,None
38,None
39,None
40,None
41,None
42,None
43,None
44,None
45,None
46,None
47,None
48,None
49,None
50,None
51,None
52,None
53,None
54,None
55,None
56,None
57,None
58,None
59,None
60,None
61,None
62,None
63,None
64,None
65,None
66,None
67,None
68,None
69,None
70,None
71,None
72,None
73,None
74,None
75,None
76,None
77,None
78,None
79,None
80,None
81,None
82,None
83,None
84,None
85,None
86,None
87,None
88,None
89,None
90,None
91,None
92,None
93,None
94,None
95,None
96,None
97,None
98,None
99,None
100,None
101,None
102,None
103,None
104,None
105,None
106,None
107,None
108,None
109,None
110,None
111,None
112,None
113,None
114,None
115,None
116,None
117,None
118,None
119,None
120,None
121,None
122,None
123,None
124,None
125,None
126,None
127,None
128,None
129,None
130,None
131,None
132,None
133,None
134,None
135,None
136,None
137,None
138,None
139,None
140,None
141,None
142,None
143,None
144,None
145,None
146,None
147,None
148,None
149,None
150,None
151,None
152,None
153,None
154,None
155,None
156,None
157,None
158,None
159,None
160,None
161,None
162,None
163,None
164,None
165,None
166,None
167,None
168,None
169,None
170,None
171,None
172,None
173,None
174,None
175,None
176,None
177,None
178,None
179,None
180,None
181,None
182,None
183,None
184,None
185,None
186,None
187,None
188,None
189,None
190,None
191,None
192,None
193,None
194,None
195,None
196,None
197,None
198,None
199,None
200,None
201,None
202,None
203,None
204,None
205,None
206,None
207,None
208,None
209,None
210,None
211,None
212,None
213,None
214,None
215,None
216,None
217,None
218,None
219,None
220,None
221,None
222,None
223,None
224,None
225,None
226,None
227,None
228,None
229,None
230,None
231,None
232,None
233,None
234,None
235,None
236,None
237,None
238,None
239,None
240,None
241,None
242,None
243,None
244,None
245,None
246,None
247,None
248,None
249,None
250,None
251,None
252,None
253,None
254,None
255,None
256,None
257,None
258,None
259,None
260,None
261,None
262,None
263,None
264,None
265,None
266,None
267,None
268,None
269,None
270,None
271,None
272,None
273,None
274,None
275,None
276,None
277,None
278,None
279,None
280,None
281,None
282,None
283,None
284,None
285,None
286,None
287,None
288,None
289,None
290,None
291,None
292,None
293,None
294,None
295,None
296,None
297,None
298,None
299,None
300,None
301,None
302,None
303,None
304,None
305,None
306,None
307,None
308,None
309,None
310,None
311,None
312,None
313,None
314,None
315,None
316,None
317,None
318,None
319,None
320,None
321,None
322,None
323,None
324,None
325,None
326,None
327,None
328,None
329,None
330,None
331,None
332,None
333,None
334,None
335,None
336,None
337,None
338,None
339,None
340,None
341,None
342,None
343,None
344,None
345,None
346,None
347,None
348,None
349,None
350,None
351,None
352,None
353,None
354,None
355,None
356,None
357,None
358,None
359,None
360,None
361,None
362,None
363,None
364,None
365,None
366,None
367,None
368,None
369,None
370,None
371,None
372,None
373,None
374,None
375,None
376,None
377,None
378,None
379,None
380,None
381,None
382,None
383,"exit 276,exit 285"
384,None
385,exit 81
386,exit 328
387,exit 98
388,None
389,None
390,None
391,None
392,None
393,None
394,None
395,None
396,None
397,None
398,None
399,None
400,None
401,None
402,exit 81
403,exit 328
404,None
405,None
406,None
407,None
408,None
409,None
410,None
411,None
412,None
413,None
414,None
415,None
416,exit 81
417,exit 328
418,None
419,None
420,None
421,None
422,exit 81
423,exit 328
424,None
425,None
426,None
427,None
428,None
429,None
430,exit 328
431,exit 183
432,None
433,None
434,None
435,None
436,None
437,None
438,None
439,None
440,None
441,None
442,None
443,exit 81
444,exit 328
445,None
446,"exit 419,exit 423"
447,None
448,None
449,None
450,None
451,None
452,None
453,None
454,None
455,exit 81
456,exit 328
457,None
458,None
459,None
460,None
461,None
462,exit 298
463,exit 287
464,None
465,None
466,exit 81
467,exit 328
468,None
469,None
470,None
471,None
472,None
473,None
474,None
475,None
476,None
477,None
478,None
479,None
480,None
481,None
482,None
483,None
484,exit 328
485,None
486,"exit 4,exit 11"
487,exit 328
488,None
489,None
490,None
491,None
492,None
493,None
494,None
495,None
496,None
497,exit 328
498,None
499,None
500,None
501,None
502,None
503,None
504,None
505,None
506,None
507,None
508,None
509,None
510,None
511,None
512,None
513,None
514,None
515,None
516,None
517,None
518,None
519,None
520,None
521,None
522,None
523,None
524,None
525,None
526,None
527,exit 328
528,None
529,None
530,None
531,None
532,None
533,None
534,None
535,None
536,None
537,None
538,None
539,None
540,None
541,None
542,None
543,None
544,None
545,None
546,None
547,None
548,None
549,exit 328
550,None
551,None
552,None
553,None
554,None
555,None
556,None
557,None
558,None
559,None
560,None
561,None
562,None
563,None
564,None
565,None
566,None
567,None
568,None
569,None
570,None
571,exit 334
572,None
573,None
574,None
575,None
576,None
577,None
578,None
579,None
580,None
581,exit 2
582,exit 178
583,None
584,None
585,None
586,None
587,None
588,None
589,None
590,None
591,None
592,None
593,exit 98
594,exit 98
595,None
596,None
597,None
598,None
599,None
600,exit 81
601,exit 297
602,None
603,exit 178
604,None
605,None
606,None
607,None
608,None
609,None
610,None
611,"exit 274,exit 273"
612,exit 81
613,exit 70
614,None
615,None
616,None
617,None
618,None
619,None
620,None
621,None
622,None
623,None
624,None
625,None
626,None
627,None
628,None
629,None
630,None
631,None
632,exit 306
633,None
634,"exit 425,exit 423"
635,exit 423
636,None
637,None
638,exit 99
639,None
640,exit 141a
641,"exit 102,exit 98"
642,None
643,None
644,None
645,"exit 132,exit 135"
646,exit 141a
647,exit 170
648,exit 170
649,None
650,"exit 170,exit 181a"
651,None
652,None
653,"exit 181a,exit 170"
654,"exit 181a,exit 170"
655,None
656,"exit 132,exit 135"
657,None
658,None
659,None
660,None
661,None
662,None
663,None
664,None
665,None
666,None
667,None
668,"exit 108,exit 116"
669,"exit 108,exit 116"
670,None
671,None
672,None
673,None
674,None
675,None
676,"exit 181a,exit 181a"
677,"exit 181a,exit 181a"
678,"exit 160b,exit 160a"
679,exit 153
680,"exit 190,exit 193"
681,"exit 160b,exit 160a"
682,exit 193
683,exit 108
684,exit 108
685,exit 181a
686,exit 153
687,exit 116
688,exit 193
689,exit 190
690,None
691,None
692,None
693,"exit 164,exit 160a"
694,"exit 164,exit 160a"
695,exit 120
696,"exit 123,exit 120"
697,"exit 164,exit 160a"
698,exit 160a
699,exit 160a
700,exit 160a
701,exit 164
702,exit 164
703,exit 164
704,exit 1
705,exit 66
706,exit 66
707,exit 56
708,exit 56
709,exit 57
710,exit 57
711,exit 57
712,exit 57
713,exit 19b
714,exit 82
715,exit 87
716,exit 87
717,"exit 16,exit 19"
718,None
719,exit 87
720,"exit 54,exit 51a-sc146-woodruff"
721,"exit 51a-sc146-woodruff,exit 54"
722,"exit 92,exit 90"
723,"exit 92,exit 90"
724,"exit 87,exit 90"
725,exit 36b
726,"exit 51b-i385s-greenville,exit 51a-sc146-woodruff"
727,"exit 54,exit 51a-sc146-woodruff"
728,"exit 51a-sc146-woodruff,exit 54"
729,"exit 27,exit 32"
730,"exit 5,exit 1"
731,"exit 27,exit 32"
732,exit 39
733,exit 60
734,None
735,"exit 63,exit 69"
736,exit 80
737,exit 80
738,exit 44
739,"exit 16,exit 16"
740,exit 51a-sc146-woodruff
741,exit 57
742,"exit 51a-sc146-woodruff,exit 54"
743,exit 88
744,exit 88
745,"exit 51a-sc146-woodruff,exit 54"
746,"exit 5,exit 1"
747,"exit 54,exit 51a-sc146-woodruff"
748,exit 95
749,exit 95
750,"exit 51a-sc146-woodruff,exit 54"
751,"exit 36b,exit 36a"
752,"exit 21,exit 19a"
753,"exit 54,exit 51a-sc146-woodruff"
754,exit 51c-i385n-greenville
755,"exit 51a-sc146-woodruff,exit 54"
756,"exit 35,exit 37"
757,"exit 87,exit 83"
758,"exit 5,exit 1"
759,"exit 27,exit 32"
760,exit 83
761,exit 69
762,None
763,exit 87
764,exit 87
765,"exit 16,exit 16"
766,exit 87
767,"exit 54,exit 51a-sc146-woodruff"
768,None
769,None
770,None
771,exit 90
772,exit 90
773,"exit 66,exit 77"
774,exit 51c-i385n-greenville
775,exit 51c-i385n-greenville
776,exit 54
777,exit 51c-i385n-greenville
778,exit 54
779,exit 77
780,None
781,exit 19b
782,exit 11
783,exit 95
784,exit 95
785,None
786,exit 87
787,exit 11
788,exit 35
789,exit 90
790,exit 90
791,exit 37
792,exit 37
793,exit 11
794,exit 4
795,None
796,None
797,None
798,exit 56
799,exit 51a-sc146-woodruff
800,"exit 60,exit 66"
801,exit 60
802,exit 5
803,exit 2a
804,exit 35
805,"exit 60,exit 66"
806,exit 35
807,exit 58
808,exit 35
809,exit 5
810,exit 5
811,exit 39
812,exit 77
813,exit 5
814,exit 39
815,exit 39
816,exit 39
817,exit 60
818,exit 39
819,exit 51a-sc146-woodruff
820,exit 51a-sc146-woodruff
821,exit 63
822,exit 42
823,exit 51a-sc146-woodruff
824,exit 51a-sc146-woodruff
825,exit 56
826,exit 56
827,exit 56
828,exit 35
829,exit 35
830,exit 35
831,exit 35
832,None
833,exit 51a-sc146-woodruff
834,exit 35
835,exit 35
836,exit 51a-sc146-woodruff
837,exit 36a
838,exit 36a
839,exit 51a-sc146-woodruff
840,exit 51a-sc146-woodruff
841,exit 35
842,exit 35
843,exit 1
844,exit 1
845,"exit 5,exit 1"
846,exit 1
847,exit 35
848,exit 63
849,exit 70
850,exit 70
851,exit 63
852,exit 70
853,exit 63
854,exit 63
855,exit 63
856,exit 63
857,exit 63
858,exit 63
859,"exit 54,exit 51a-sc146-woodruff"
860,exit 63
861,"exit 16,exit 16"
862,exit 54
863,"exit 106,exit 104"
864,"exit 90,exit 92"
865,"exit 83,exit 87"
866,exit 57
867,exit 57
868,"exit 83,exit 87"
869,"exit 106,exit 104"
870,"exit 88,exit 88"
871,"exit 22,exit 22"
872,"exit 13,exit 10"
873,exit 107a
874,None
875,None
876,exit 55
877,exit 5
878,exit 19
879,None
880,None
881,None
882,exit 5
883,exit 5
884,exit 41
885,"exit 15a,exit 16"
886,exit 92
887,exit 92
888,"exit 16,exit 19"
889,exit 106
890,"exit 15a,exit 19"
891,"exit 15a,exit 19"
892,exit 108a
893,exit 108a
894,"exit 125,exit 101a"
895,"exit 15a,exit 19"
896,"exit 15b,exit 12"
897,"exit 17,exit 19"
898,"exit 58,exit 55"
899,"exit 15a,exit 12"
900,exit 108a
901,"exit 15b,exit 12"
902,None
903,exit 64a
904,"exit 63,exit 64a"
905,exit 107a
906,"exit 17,exit 19"
907,"exit 48,exit 48"
908,"exit 19,exit 16"
909,"exit 19,exit 16"
910,exit 65
911,"exit 19,exit 16"
912,exit 65
913,exit 55
914,exit 55
915,exit 16
916,exit 5
917,None
918,exit 17
919,"exit 16,exit 17"
920,exit 46
921,exit 91
922,"exit 17,exit 19"
923,"exit 19,exit 16"
924,exit 91
925,"exit 17,exit 19"
926,None
927,"exit 13,exit 19"
928,"exit 5,exit 2"
929,"exit 17,exit 19"
930,"exit 15a,exit 12"
931,"exit 55,exit 58"
932,"exit 19,exit 15a"
933,"exit 58,exit 55"
934,"exit 107a,exit 108a"
935,exit 64a
936,"exit 15a,exit 12"
937,exit 68
938,"exit 46,exit 48"
939,"exit 17,exit 19"
940,"exit 5,exit 2"
941,"exit 15a,exit 12"
942,exit 82
943,exit 82
944,None
945,exit 106
946,"exit 15a,exit 19"
947,exit 106
948,"exit 19,exit 16"
949,"exit 101a,exit 106"
950,exit 106
951,exit 106
952,"exit 15a,exit 17"
953,exit 104
954,exit 106
955,exit 65
956,exit 65
957,exit 17
958,exit 17
959,exit 17
960,exit 63
961,exit 63
962,exit 68
963,exit 2
964,exit 73a
965,exit 97
966,exit 97
967,"exit 97,exit 101a"
968,exit 85
969,"exit 97,exit 101a"
970,exit 51
971,"exit 111b,exit 220"
972,exit 111a
973,"exit 125,exit 129"
974,exit 111a
975,exit 111a
976,exit 113
977,"exit 60,exit 66"
978,"exit 125,exit 129"
979,exit 70
980,exit 70
981,exit 70
982,exit 70
983,"exit 91,exit 97"
984,"exit 60,exit 66"
985,exit 106
986,"exit 125,exit 139"
987,"exit 125,exit 125"
988,exit 106
989,exit 104
990,exit 106
991,exit 106
992,"exit 74,exit 76"
993,exit 27
994,exit 64a
995,exit 27
996,exit 58
997,None
998,None
999,None
1000,exit 97
1001,exit 97
1002,exit 97
1003,exit 97
1004,exit 97
1005,exit 97
1006,exit 34
1007,exit 34
1008,exit 34
1009,exit 34
1010,exit 82
1011,exit 82
1012,exit 19
1013,exit 111b
1014,exit 111b
1015,exit 111b
1016,exit 129
1017,exit 129
1018,exit 129
1019,exit 129
1020,exit 111b
1021,exit 80
1022,exit 80
1023,exit 113
1024,exit 6b
1025,exit 110
1026,exit 110
1027,exit 2
1028,exit 110
1029,exit 46
1030,exit 110
1031,"exit 73a,exit 73b"
1032,"exit 73a,exit 73b"
1033,exit 97
1034,exit 97
1035,exit 97
1036,exit 97
1037,exit 5
1038,exit 5
1039,exit 76
1040,exit 107a
1041,exit 11
1042,"exit 107a,exit 101a"
1043,exit 101a
1044,"exit 18,exit 18"
1045,exit 17
1046,exit 17
1047,"exit 70,exit 55"
1048,"exit 107a,exit 101a"
1049,"exit 106,exit 101a"
1050,"exit 92,exit 92"
1051,"exit 61,exit 55"
1052,exit 61
1053,exit 61
1054,"exit 104,exit 101a"
1055,"exit 70,exit 61"
1056,"exit 63,exit 61"
1057,exit 68
1058,exit 68
1059,exit 68
1060,exit 1
1061,exit 1
1062,"exit 98,exit 92"
1063,None
1064,exit 211
1065,exit 211
1066,exit 20
1067,exit 20
1068,exit 20
1069,None
1070,exit 136
1071,exit 20
1072,exit 20
1073,"exit 102,exit 98"
1074,exit 220
1075,"exit 125,exit 101a"
1076,"exit 28,exit 22"
1077,"exit 18,exit 18"
1078,exit 212b
1079,exit 212b
1080,exit 209
1081,exit 209
1082,exit 209
1083,exit 209
1084,exit 211
1085,exit 211
1086,exit 20
1087,exit 211
1088,exit 20
1089,exit 20
1090,exit 211
1091,exit 211
1092,exit 212b
1093,exit 18
1094,exit 24
1095,"exit 18,exit 8"
1096,exit 209
1097,exit 33
1098,exit 33
1099,exit 20
1100,exit 215
1101,exit 215
1102,exit 20
1103,exit 20
1104,exit 20
1105,exit 20
1106,exit 11b
1107,exit 11b
1108,exit 11b
1109,exit 20
1110,exit 20
1111,"exit 187,exit 187"
1112,exit 172b
1113,"exit 177,exit 187"
1114,exit 217
1115,exit 217
1116,exit 165
1117,exit 194
1118,exit 194
1119,"exit 111b,exit 220"
1120,"exit 169b,exit 177"
1121,exit 154a
1122,exit 154a
1123,"exit 125,exit 129"
1124,"exit 149,exit 154b"
1125,exit 8
1126,"exit 5,exit 33"
1127,"exit 28,exit 33"
1128,exit 33
1129,exit 8
1130,"exit 169b,exit 177"
1131,"exit 125,exit 129"
1132,"exit 169b,exit 172b"
1133,"exit 149,exit 154b"
1134,"exit 28,exit 33"
1135,exit 215
1136,"exit 125,exit 139"
1137,exit 139
1138,"exit 28,exit 28"
1139,"exit 125,exit 125"
1140,"exit 28,exit 28"
1141,"exit 28,exit 28"
1142,None
1143,"exit 28,exit 28"
1144,None
1145,exit 139
1146,exit 215
1147,exit 215
1148,exit 93
1149,exit 93
1150,exit 93
1151,exit 93
1152,"exit 42,exit 33"
1153,"exit 42,exit 33"
1154,"exit 177,exit 177"
1155,exit 93
1156,exit 212b
1157,exit 212b
1158,exit 20
1159,exit 18
1160,exit 18
1161,exit 129
1162,exit 129
1163,exit 129
1164,exit 129
1165,exit 216
1166,exit 194
1167,exit 42
1168,exit 219a
1169,exit 42
1170,exit 187
1171,exit 187
1172,exit 33
1173,exit 33
1174,exit 33
1175,exit 172a
1176,exit 33
1177,exit 20
1178,exit 20
1179,None
1180,exit 23a
1181,exit 24
1182,None
1183,exit 24
1184,None
1185,None
1186,exit 5
1187,exit 23a
1188,exit 33
1189,exit 18
1190,exit 23a
1191,exit 98
1192,exit 18
1193,exit 23a
1194,exit 5
1195,exit 5
1196,exit 28
1197,exit 28
1198,exit 154a
1199,exit 154a
1200,"exit 8,exit 5"
